mc	mn	quarterbeats	quarterbeats_all_endings	duration_qb	mc_onset	mn_onset	timesig	staff	voice	duration	nominal_duration	scalar	tied	tpc	midi	name	octave	chord_id
2	1	4	4	4.0	0	0	4/2	21	1	1	1	1		1	43	G2	2	10
2	1	4	4	1.0	0	0	4/2	14	1	1/4	1/4	1		5	59	B3	3	0
2	1	5	5	0.5	1/4	1/4	4/2	14	1	1/8	1/8	1		5	59	B3	3	1
2	1	11/2	11/2	0.5	3/8	3/8	4/2	14	1	1/8	1/8	1		5	59	B3	3	2
2	1	6	6	1.5	1/2	1/2	4/2	14	1	3/8	1/4	3/2		2	62	D4	4	3
2	1	15/2	15/2	0.5	7/8	7/8	4/2	14	1	1/8	1/8	1		3	57	A3	3	4
2	1	8	8	4.0	1	1	4/2	21	1	1	1	1		1	43	G2	2	11
2	1	8	8	2.0	1	1	4/2	14	1	1/2	1/2	1		5	59	B3	3	5
2	1	10	10	0.5	3/2	3/2	4/2	14	1	1/8	1/8	1		5	59	B3	3	6
2	1	21/2	21/2	0.5	13/8	13/8	4/2	14	1	1/8	1/8	1		2	62	D4	4	7
2	1	11	11	0.5	7/4	7/4	4/2	14	1	1/8	1/8	1		2	62	D4	4	8
2	1	23/2	23/2	0.5	15/8	15/8	4/2	14	1	1/8	1/8	1		0	60	C4	4	9
3	2	12	12	3.0	0	0	4/2	21	1	3/4	1/2	3/2		0	48	C3	3	21
3	2	12	12	1.5	0	0	4/2	14	1	3/8	1/4	3/2		4	64	E4	4	12
3	2	27/2	27/2	0.5	3/8	3/8	4/2	14	1	1/8	1/8	1		2	62	D4	4	13
3	2	14	14	0.5	1/2	1/2	4/2	14	1	1/8	1/8	1		0	60	C4	4	14
3	2	29/2	29/2	0.5	5/8	5/8	4/2	14	1	1/8	1/8	1		5	59	B3	3	15
3	2	15	15	1.0	3/4	3/4	4/2	21	1	1/4	1/4	1		4	52	E3	3	22
3	2	15	15	0.5	3/4	3/4	4/2	14	1	1/8	1/8	1		3	57	A3	3	16
3	2	31/2	31/2	0.5	7/8	7/8	4/2	14	1	1/8	1/8	1		1	55	G3	3	17
3	2	16	16	4.0	1	1	4/2	21	1	1	1	1		2	50	D3	3	23
3	2	16	16	2.0	1	1	4/2	14	1	1/2	1/2	1		3	57	A3	3	18
3	2	18	18	1.0	3/2	3/2	4/2	14	1	1/4	1/4	1		3	57	A3	3	19
3	2	19	19	1.0	7/4	7/4	4/2	14	1	1/4	1/4	1		6	54	F#3	3	20
4	3	20	20	4.0	0	0	4/2	21	1	1	1	1		1	43	G2	2	33
4	3	20	20	2.0	0	0	4/2	14	1	1/2	1/2	1		1	55	G3	3	24
4	3	22	22	1.0	1/2	1/2	4/2	14	1	1/4	1/4	1		1	55	G3	3	25
4	3	23	23	0.5	3/4	3/4	4/2	14	1	1/8	1/8	1		1	55	G3	3	26
4	3	47/2	47/2	0.5	7/8	7/8	4/2	14	1	1/8	1/8	1		3	57	A3	3	27
4	3	24	24	4.0	1	1	4/2	21	1	1	1	1		1	43	G2	2	34
4	3	24	24	1.0	1	1	4/2	14	1	1/4	1/4	1		5	59	B3	3	28
4	3	25	25	1.0	5/4	5/4	4/2	14	1	1/4	1/4	1		5	59	B3	3	29
4	3	26	26	1.0	3/2	3/2	4/2	14	1	1/4	1/4	1		1	55	G3	3	30
4	3	27	27	0.5	7/4	7/4	4/2	14	1	1/8	1/8	1		1	55	G3	3	31
4	3	55/2	55/2	0.5	15/8	15/8	4/2	14	1	1/8	1/8	1		3	57	A3	3	32
5	4	28	28	4.0	0	0	4/2	21	1	1	1	1		1	43	G2	2	44
5	4	28	28	2.0	0	0	4/2	14	1	1/2	1/2	1	1	5	59	B3	3	35
5	4	30	30	0.5	1/2	1/2	4/2	14	1	1/8	1/8	1	-1	5	59	B3	3	36
5	4	61/2	61/2	0.5	5/8	5/8	4/2	14	1	1/8	1/8	1		7	61	C#4	4	37
5	4	31	31	0.5	3/4	3/4	4/2	14	1	1/8	1/8	1		2	62	D4	4	38
5	4	63/2	63/2	0.5	7/8	7/8	4/2	14	1	1/8	1/8	1		5	59	B3	3	39
5	4	32	32	4.0	1	1	4/2	21	1	1	1	1		3	45	A2	2	45
5	4	32	32	1.0	1	1	4/2	14	1	1/4	1/4	1		7	61	C#4	4	40
5	4	33	33	1.0	5/4	5/4	4/2	14	1	1/4	1/4	1		2	62	D4	4	41
5	4	34	34	1.5	3/2	3/2	4/2	14	1	3/8	1/4	3/2		2	62	D4	4	42
5	4	71/2	71/2	0.5	15/8	15/8	4/2	14	1	1/8	1/8	1		7	61	C#4	4	43
6	5	36	36	4.0	0	0	4/2	21	1	1	1	1		2	50	D3	3	52
6	5	36	36	2.0	0	0	4/2	14	1	1/2	1/2	1		2	62	D4	4	46
6	5	39	39	1.0	3/4	3/4	4/2	14	1	1/4	1/4	1		3	57	A3	3	47
6	5	40	40	4.0	1	1	4/2	21	1	1	1	1		1	43	G2	2	53
6	5	40	40	2.0	1	1	4/2	14	1	1/2	1/2	1		5	59	B3	3	48
6	5	85/2	85/2	0.5	13/8	13/8	4/2	14	1	1/8	1/8	1		5	59	B3	3	49
6	5	43	43	0.5	7/4	7/4	4/2	14	1	1/8	1/8	1		5	59	B3	3	50
6	5	87/2	87/2	0.5	15/8	15/8	4/2	14	1	1/8	1/8	1		5	59	B3	3	51
7	6	44	44	4.0	0	0	4/2	21	1	1	1	1		1	43	G2	2	60
7	6	44	44	1.5	0	0	4/2	14	1	3/8	1/4	3/2		2	62	D4	4	54
7	6	91/2	91/2	0.5	3/8	3/8	4/2	14	1	1/8	1/8	1		1	55	G3	3	55
7	6	46	46	1.5	1/2	1/2	4/2	14	1	3/8	1/4	3/2		1	55	G3	3	56
7	6	95/2	95/2	0.5	7/8	7/8	4/2	14	1	1/8	1/8	1		3	57	A3	3	57
7	6	48	48	4.0	1	1	4/2	21	1	1	1	1		1	43	G2	2	61
7	6	48	48	2.0	1	1	4/2	14	1	1/2	1/2	1		5	59	B3	3	58
7	6	50	50	2.0	3/2	3/2	4/2	14	1	1/2	1/2	1		5	59	B3	3	59
8	7	52	52	4.0	0	0	4/2	21	1	1	1	1		0	48	C3	3	72
8	7	52	52	1.0	0	0	4/2	14	1	1/4	1/4	1		4	64	E4	4	62
8	7	53	53	0.5	1/4	1/4	4/2	14	1	1/8	1/8	1		0	60	C4	4	63
8	7	107/2	107/2	0.5	3/8	3/8	4/2	14	1	1/8	1/8	1		5	59	B3	3	64
8	7	54	54	0.5	1/2	1/2	4/2	14	1	1/8	1/8	1		3	57	A3	3	65
8	7	109/2	109/2	0.5	5/8	5/8	4/2	14	1	1/8	1/8	1		1	55	G3	3	66
8	7	55	55	0.5	3/4	3/4	4/2	14	1	1/8	1/8	1		3	57	A3	3	67
8	7	111/2	111/2	0.5	7/8	7/8	4/2	14	1	1/8	1/8	1		4	52	E3	3	68
8	7	56	56	4.0	1	1	4/2	21	1	1	1	1		2	50	D3	3	73
8	7	56	56	1.0	1	1	4/2	14	1	1/4	1/4	1		6	54	F#3	3	69
8	7	57	57	1.0	5/4	5/4	4/2	14	1	1/4	1/4	1		1	55	G3	3	70
8	7	58	58	2.0	3/2	3/2	4/2	14	1	1/2	1/2	1		3	57	A3	3	71
9	8	60	60	4.0	0	0	4/2	21	1	1	1	1		1	43	G2	2	80
9	8	60	60	4.0	0	0	4/2	14	1	1	1	1		1	55	G3	3	74
9	8	64	64	4.0	1	1	4/2	21	1	1	1	1		1	43	G2	2	81
9	8	65	65	0.5	5/4	5/4	4/2	14	1	1/8	1/8	1		5	59	B3	3	75
9	8	131/2	131/2	0.5	11/8	11/8	4/2	14	1	1/8	1/8	1		0	60	C4	4	76
9	8	66	66	1.0	3/2	3/2	4/2	14	1	1/4	1/4	1		2	62	D4	4	77
9	8	67	67	0.5	7/4	7/4	4/2	14	1	1/8	1/8	1		0	60	C4	4	78
9	8	135/2	135/2	0.5	15/8	15/8	4/2	14	1	1/8	1/8	1		5	59	B3	3	79
10	9	68	68	2.0	0	0	4/2	21	1	1/2	1/2	1		0	48	C3	3	89
10	9	68	68	2.0	0	0	4/2	14	1	1/2	1/2	1		0	60	C4	4	82
10	9	70	70	2.0	1/2	1/2	4/2	21	1	1/2	1/2	1		2	50	D3	3	90
10	9	70	70	1.0	1/2	1/2	4/2	14	1	1/4	1/4	1		3	57	A3	3	83
10	9	71	71	0.5	3/4	3/4	4/2	14	1	1/8	1/8	1		1	55	G3	3	84
10	9	143/2	143/2	0.5	7/8	7/8	4/2	14	1	1/8	1/8	1		3	57	A3	3	85
10	9	72	72	4.0	1	1	4/2	21	1	1	1	1		1	43	G2	2	91
10	9	72	72	2.0	1	1	4/2	14	1	1/2	1/2	1		5	59	B3	3	86
10	9	74	74	1.0	3/2	3/2	4/2	14	1	1/4	1/4	1		5	59	B3	3	87
10	9	75	75	1.0	7/4	7/4	4/2	14	1	1/4	1/4	1		1	55	G3	3	88
11	10	76	76	2.0	0	0	4/2	21	1	1/2	1/2	1		1	43	G2	2	101
11	10	76	76	0.5	0	0	4/2	14	1	1/8	1/8	1		1	55	G3	3	92
11	10	153/2	153/2	0.5	1/8	1/8	4/2	14	1	1/8	1/8	1		3	57	A3	3	93
11	10	77	77	0.5	1/4	1/4	4/2	14	1	1/8	1/8	1		5	59	B3	3	94
11	10	155/2	155/2	0.5	3/8	3/8	4/2	14	1	1/8	1/8	1		1	55	G3	3	95
11	10	78	78	1.0	1/2	1/2	4/2	21	1	1/4	1/4	1		2	50	D3	3	102
11	10	78	78	1.0	1/2	1/2	4/2	14	1	1/4	1/4	1		3	57	A3	3	96
11	10	79	79	1.0	3/4	3/4	4/2	21	1	1/4	1/4	1		5	47	B2	2	103
11	10	79	79	1.0	3/4	3/4	4/2	14	1	1/4	1/4	1		2	62	D4	4	97
11	10	80	80	1.0	1	1	4/2	21	1	1/4	1/4	1		0	48	C3	3	104
11	10	80	80	1.5	1	1	4/2	14	1	3/8	1/4	3/2		4	64	E4	4	98
11	10	81	81	1.0	5/4	5/4	4/2	21	1	1/4	1/4	1		3	45	A2	2	105
11	10	163/2	163/2	0.5	11/8	11/8	4/2	14	1	1/8	1/8	1		0	60	C4	4	99
11	10	82	82	2.0	3/2	3/2	4/2	21	1	1/2	1/2	1		4	52	E3	3	106
11	10	82	82	2.0	3/2	3/2	4/2	14	1	1/2	1/2	1		5	59	B3	3	100
12	11	84	84	4.0	0	0	4/2	21	1	1	1	1		3	45	A2	2	113
12	11	84	84	4.0	0	0	4/2	14	1	1	1	1		3	57	A3	3	107
12	11	88	88	4.0	1	1	4/2	21	1	1	1	1		2	50	D3	3	114
12	11	88	88	1.0	1	1	4/2	14	1	1/4	1/4	1		3	57	A3	3	108
12	11	89	89	1.0	5/4	5/4	4/2	14	1	1/4	1/4	1		3	57	A3	3	109
12	11	90	90	1.0	3/2	3/2	4/2	14	1	1/4	1/4	1		2	62	D4	4	110
12	11	91	91	0.5	7/4	7/4	4/2	14	1	1/8	1/8	1		3	57	A3	3	111
12	11	183/2	183/2	0.5	15/8	15/8	4/2	14	1	1/8	1/8	1		3	57	A3	3	112
13	12	92	92	4.0	0	0	4/2	21	1	1	1	1		1	43	G2	2	122
13	12	92	92	2.0	0	0	4/2	14	1	1/2	1/2	1		5	59	B3	3	115
13	12	94	94	2.0	1/2	1/2	4/2	14	1	1/2	1/2	1		5	59	B3	3	116
13	12	96	96	4.0	1	1	4/2	21	1	1	1	1		1	43	G2	2	123
13	12	96	96	1.0	1	1	4/2	14	1	1/4	1/4	1		5	59	B3	3	117
13	12	97	97	1.0	5/4	5/4	4/2	14	1	1/4	1/4	1		5	59	B3	3	118
13	12	98	98	1.0	3/2	3/2	4/2	14	1	1/4	1/4	1		5	59	B3	3	119
13	12	99	99	0.5	7/4	7/4	4/2	14	1	1/8	1/8	1		5	59	B3	3	120
13	12	199/2	199/2	0.5	15/8	15/8	4/2	14	1	1/8	1/8	1		0	60	C4	4	121
14	13	100	100	2.0	0	0	4/2	21	1	1/2	1/2	1		1	55	G3	3	129
14	13	100	100	2.0	0	0	4/2	14	1	1/2	1/2	1		2	62	D4	4	124
14	13	102	102	2.0	1/2	1/2	4/2	21	1	1/2	1/2	1		4	52	E3	3	130
14	13	102	102	1.0	1/2	1/2	4/2	14	1	1/4	1/4	1		4	64	E4	4	125
14	13	103	103	0.5	3/4	3/4	4/2	14	1	1/8	1/8	1		2	62	D4	4	126
14	13	207/2	207/2	0.5	7/8	7/8	4/2	14	1	1/8	1/8	1		0	60	C4	4	127
14	13	104	104	4.0	1	1	4/2	21	1	1	1	1		1	55	G3	3	131
14	13	104	104	4.0	1	1	4/2	14	1	1	1	1		2	62	D4	4	128
15	14	108	108	4.0	0	0	4/2	21	1	1	1	1		0	48	C3	3	138
15	14	108	108	4.0	0	0	4/2	14	1	1	1	1		0	60	C4	4	132
15	14	112	112	4.0	1	1	4/2	21	1	1	1	1		0	48	C3	3	139
15	14	225/2	225/2	0.5	9/8	9/8	4/2	14	1	1/8	1/8	1		1	55	G3	3	133
15	14	113	113	0.5	5/4	5/4	4/2	14	1	1/8	1/8	1		3	57	A3	3	134
15	14	227/2	227/2	0.5	11/8	11/8	4/2	14	1	1/8	1/8	1		5	59	B3	3	135
15	14	114	114	1.5	3/2	3/2	4/2	14	1	3/8	1/4	3/2		0	60	C4	4	136
15	14	231/2	231/2	0.5	15/8	15/8	4/2	14	1	1/8	1/8	1		5	59	B3	3	137
16	15	116	116	4.0	0	0	4/2	21	1	1	1	1		2	50	D3	3	147
16	15	116	116	2.0	0	0	4/2	14	1	1/2	1/2	1		3	57	A3	3	140
16	15	118	118	2.0	1/2	1/2	4/2	14	1	1/2	1/2	1		3	57	A3	3	141
16	15	120	120	2.0	1	1	4/2	21	1	1/2	1/2	1		5	47	B2	2	148
16	15	121	121	0.5	5/4	5/4	4/2	14	1	1/8	1/8	1		2	62	D4	4	142
16	15	243/2	243/2	0.5	11/8	11/8	4/2	14	1	1/8	1/8	1		2	62	D4	4	143
16	15	122	122	2.0	3/2	3/2	4/2	21	1	1/2	1/2	1		0	48	C3	3	149
16	15	122	122	1.0	3/2	3/2	4/2	14	1	1/4	1/4	1		4	64	E4	4	144
16	15	123	123	0.5	7/4	7/4	4/2	14	1	1/8	1/8	1		0	60	C4	4	145
16	15	247/2	247/2	0.5	15/8	15/8	4/2	14	1	1/8	1/8	1		5	59	B3	3	146
17	16	124	124	4.0	0	0	4/2	21	1	1	1	1		2	50	D3	3	157
17	16	124	124	2.0	0	0	4/2	14	1	1/2	1/2	1		3	57	A3	3	150
17	16	126	126	2.0	1/2	1/2	4/2	14	1	1/2	1/2	1		3	57	A3	3	151
17	16	128	128	4.0	1	1	4/2	21	1	1	1	1		1	43	G2	2	158
17	16	128	128	1.0	1	1	4/2	14	1	1/4	1/4	1		2	62	D4	4	152
17	16	129	129	0.5	5/4	5/4	4/2	14	1	1/8	1/8	1		0	60	C4	4	153
17	16	259/2	259/2	0.5	11/8	11/8	4/2	14	1	1/8	1/8	1		5	59	B3	3	154
17	16	130	130	1.5	3/2	3/2	4/2	14	1	3/8	1/4	3/2		5	59	B3	3	155
17	16	263/2	263/2	0.5	15/8	15/8	4/2	14	1	1/8	1/8	1		3	57	A3	3	156
18	17	132	132	4.0	0	0	4/2	21	1	1	1	1		1	43	G2	2	165
18	17	132	132	2.0	0	0	4/2	14	1	1/2	1/2	1		5	59	B3	3	159
18	17	134	134	1.0	1/2	1/2	4/2	14	1	1/4	1/4	1		5	59	B3	3	160
18	17	135	135	1.0	3/4	3/4	4/2	14	1	1/4	1/4	1	1	2	62	D4	4	161
18	17	136	136	4.0	1	1	4/2	21	1	1	1	1		2	50	D3	3	166
18	17	136	136	1.0	1	1	4/2	14	1	1/4	1/4	1	-1	2	62	D4	4	162
18	17	137	137	1.0	5/4	5/4	4/2	14	1	1/4	1/4	1		3	57	A3	3	163
18	17	138	138	2.0	3/2	3/2	4/2	14	1	1/2	1/2	1		3	57	A3	3	164
19	18	140	140	4.0	0	0	4/2	21	1	1	1	1		1	43	G2	2	172
19	18	140	140	4.0	0	0	4/2	14	1	1	1	1		1	55	G3	3	171
19	18	144	144	4.0	1	1	4/2	21	1	1	1	1		-2	46	Bb2	2	173
19	18	145	145	1.0	5/4	5/4	4/2	7	1	1/4	1/4	1		-2	70	Bb4	4	167
19	18	146	146	0.5	3/2	3/2	4/2	7	1	1/8	1/8	1		-2	70	Bb4	4	168
19	18	293/2	293/2	0.5	13/8	13/8	4/2	7	1	1/8	1/8	1		0	72	C5	5	169
19	18	147	147	1.0	7/4	7/4	4/2	7	1	1/4	1/4	1		2	74	D5	5	170
20	19	148	148	2.0	0	0	4/2	21	1	1/2	1/2	1		-1	53	F3	3	180
20	19	148	148	1.0	0	0	4/2	7	1	1/4	1/4	1		2	74	D5	5	174
20	19	149	149	1.0	1/4	1/4	4/2	7	1	1/4	1/4	1		3	69	A4	4	175
20	19	150	150	1.0	1/2	1/2	4/2	21	1	1/4	1/4	1		1	55	G3	3	181
20	19	150	150	1.5	1/2	1/2	4/2	7	1	3/8	1/4	3/2		-2	70	Bb4	4	176
20	19	151	151	1.0	3/4	3/4	4/2	21	1	1/4	1/4	1		1	55	G3	3	182
20	19	303/2	303/2	0.5	7/8	7/8	4/2	7	1	1/8	1/8	1		1	67	G4	4	177
20	19	152	152	2.0	1	1	4/2	21	1	1/2	1/2	1		-1	53	F3	3	183
20	19	152	152	2.0	1	1	4/2	7	1	1/2	1/2	1		3	69	A4	4	178
20	19	154	154	2.0	3/2	3/2	4/2	21	1	1/2	1/2	1		-1	53	F3	3	184
20	19	154	154	2.0	3/2	3/2	4/2	7	1	1/2	1/2	1		3	69	A4	4	179
21	20	156	156	4.0	0	0	4/2	21	1	1	1	1		-1	53	F3	3	193
21	20	313/2	313/2	0.5	1/8	1/8	4/2	7	1	1/8	1/8	1		3	69	A4	4	185
21	20	157	157	0.5	1/4	1/4	4/2	7	1	1/8	1/8	1		3	69	A4	4	186
21	20	315/2	315/2	0.5	3/8	3/8	4/2	7	1	1/8	1/8	1		-2	70	Bb4	4	187
21	20	158	158	1.5	1/2	1/2	4/2	7	1	3/8	1/4	3/2		0	72	C5	5	188
21	20	319/2	319/2	0.5	7/8	7/8	4/2	7	1	1/8	1/8	1		-1	65	F4	4	189
21	20	160	160	4.0	1	1	4/2	21	1	1	1	1		0	48	C3	3	194
21	20	160	160	1.5	1	1	4/2	7	1	3/8	1/4	3/2		1	67	G4	4	190
21	20	323/2	323/2	0.5	11/8	11/8	4/2	7	1	1/8	1/8	1		1	67	G4	4	191
21	20	162	162	2.0	3/2	3/2	4/2	7	1	1/2	1/2	1		0	72	C5	5	192
22	21	164	164	4.0	0	0	4/2	21	1	1	1	1		-1	41	F2	2	201
22	21	164	164	2.0	0	0	4/2	7	1	1/2	1/2	1		3	69	A4	4	195
22	21	333/2	333/2	0.5	5/8	5/8	4/2	7	1	1/8	1/8	1		3	69	A4	4	196
22	21	167	167	0.5	3/4	3/4	4/2	7	1	1/8	1/8	1		3	69	A4	4	197
22	21	335/2	335/2	0.5	7/8	7/8	4/2	7	1	1/8	1/8	1		-2	70	Bb4	4	198
22	21	168	168	4.0	1	1	4/2	21	1	1	1	1		-1	41	F2	2	202
22	21	168	168	3.0	1	1	4/2	7	1	3/4	1/2	3/2		0	72	C5	5	199
22	21	171	171	1.0	7/4	7/4	4/2	7	1	1/4	1/4	1		0	72	C5	5	200
23	22	172	172	2.0	0	0	4/2	21	1	1/2	1/2	1		-2	46	Bb2	2	218
23	22	172	172	0.25	0	0	4/2	7	1	1/16	1/16	1		2	74	D5	5	203
23	22	689/4	689/4	0.25	1/16	1/16	4/2	7	1	1/16	1/16	1		0	72	C5	5	204
23	22	345/2	345/2	0.25	1/8	1/8	4/2	7	1	1/16	1/16	1		-2	70	Bb4	4	205
23	22	691/4	691/4	0.25	3/16	3/16	4/2	7	1	1/16	1/16	1		3	69	A4	4	206
23	22	173	173	0.5	1/4	1/4	4/2	7	1	1/8	1/8	1		1	67	G4	4	207
23	22	347/2	347/2	0.5	3/8	3/8	4/2	7	1	1/8	1/8	1		3	69	A4	4	208
23	22	174	174	2.0	1/2	1/2	4/2	21	1	1/2	1/2	1		2	50	D3	3	219
23	22	174	174	0.25	1/2	1/2	4/2	7	1	1/16	1/16	1		-2	70	Bb4	4	209
23	22	697/4	697/4	0.25	9/16	9/16	4/2	7	1	1/16	1/16	1		3	69	A4	4	210
23	22	349/2	349/2	0.25	5/8	5/8	4/2	7	1	1/16	1/16	1		1	67	G4	4	211
23	22	699/4	699/4	0.25	11/16	11/16	4/2	7	1	1/16	1/16	1		-1	65	F4	4	212
23	22	175	175	0.5	3/4	3/4	4/2	7	1	1/8	1/8	1		4	64	E4	4	213
23	22	351/2	351/2	0.5	7/8	7/8	4/2	7	1	1/8	1/8	1	1	-1	65	F4	4	214
23	22	176	176	4.0	1	1	4/2	21	1	1	1	1		0	48	C3	3	220
23	22	176	176	1.0	1	1	4/2	7	1	1/4	1/4	1	-1	-1	65	F4	4	215
23	22	177	177	1.0	5/4	5/4	4/2	7	1	1/4	1/4	1		1	67	G4	4	216
23	22	178	178	2.0	3/2	3/2	4/2	7	1	1/2	1/2	1		1	67	G4	4	217
24	23	180	180	2.0	0	0	4/2	21	1	1/2	1/2	1		-1	41	F2	2	228
24	23	180	180	2.0	0	0	4/2	7	1	1/2	1/2	1		-1	65	F4	4	221
24	23	182	182	2.0	1/2	1/2	4/2	21	1	1/2	1/2	1		-1	41	F2	2	229
24	23	183	183	1.0	3/4	3/4	4/2	14	1	1/4	1/4	1		-1	53	F3	3	222
24	23	184	184	4.0	1	1	4/2	21	1	1	1	1		-1	41	F2	2	230
24	23	184	184	2.0	1	1	4/2	14	1	1/2	1/2	1	1	3	57	A3	3	223
24	23	186	186	0.5	3/2	3/2	4/2	14	1	1/8	1/8	1	-1	3	57	A3	3	224
24	23	373/2	373/2	0.5	13/8	13/8	4/2	14	1	1/8	1/8	1		3	57	A3	3	225
24	23	187	187	0.5	7/4	7/4	4/2	14	1	1/8	1/8	1		3	57	A3	3	226
24	23	375/2	375/2	0.5	15/8	15/8	4/2	14	1	1/8	1/8	1		3	57	A3	3	227
25	24	188	188	4.0	0	0	4/2	21	1	1	1	1		-1	41	F2	2	240
25	24	188	188	2.0	0	0	4/2	14	1	1/2	1/2	1		3	57	A3	3	231
25	24	190	190	0.5	1/2	1/2	4/2	14	1	1/8	1/8	1		3	57	A3	3	232
25	24	381/2	381/2	0.5	5/8	5/8	4/2	14	1	1/8	1/8	1		0	60	C4	4	233
25	24	191	191	0.5	3/4	3/4	4/2	14	1	1/8	1/8	1		0	60	C4	4	234
25	24	383/2	383/2	0.5	7/8	7/8	4/2	14	1	1/8	1/8	1		0	60	C4	4	235
25	24	192	192	4.0	1	1	4/2	21	1	1	1	1		-2	46	Bb2	2	241
25	24	192	192	2.0	1	1	4/2	14	1	1/2	1/2	1		2	62	D4	4	236
25	24	389/2	389/2	0.5	13/8	13/8	4/2	14	1	1/8	1/8	1		-2	58	Bb3	3	237
25	24	195	195	0.5	7/4	7/4	4/2	14	1	1/8	1/8	1		-2	58	Bb3	3	238
25	24	391/2	391/2	0.5	15/8	15/8	4/2	14	1	1/8	1/8	1		-2	58	Bb3	3	239
26	25	196	196	4.0	0	0	4/2	21	1	1	1	1		-1	53	F3	3	246
26	25	196	196	3.0	0	0	4/2	14	1	3/4	1/2	3/2		2	62	D4	4	242
26	25	199	199	1.0	3/4	3/4	4/2	14	1	1/4	1/4	1		3	57	A3	3	243
26	25	200	200	4.0	1	1	4/2	21	1	1	1	1		-2	46	Bb2	2	247
26	25	200	200	2.0	1	1	4/2	14	1	1/2	1/2	1		-2	58	Bb3	3	244
26	25	202	202	2.0	3/2	3/2	4/2	14	1	1/2	1/2	1		-2	58	Bb3	3	245
27	26	204	204	4.0	0	0	4/2	21	1	1	1	1		-2	46	Bb2	2	260
27	26	205	205	0.5	1/4	1/4	4/2	14	1	1/8	1/8	1		-2	58	Bb3	3	248
27	26	411/2	411/2	0.5	3/8	3/8	4/2	14	1	1/8	1/8	1		0	60	C4	4	249
27	26	206	206	1.0	1/2	1/2	4/2	14	1	1/4	1/4	1		2	62	D4	4	250
27	26	207	207	0.5	3/4	3/4	4/2	14	1	1/8	1/8	1		0	60	C4	4	251
27	26	415/2	415/2	0.5	7/8	7/8	4/2	14	1	1/8	1/8	1		-2	58	Bb3	3	252
27	26	208	208	4.0	1	1	4/2	21	1	1	1	1		-1	41	F2	2	261
27	26	208	208	1.0	1	1	4/2	14	1	1/4	1/4	1		3	57	A3	3	253
27	26	209	209	0.5	5/4	5/4	4/2	14	1	1/8	1/8	1		3	57	A3	3	254
27	26	419/2	419/2	0.5	11/8	11/8	4/2	14	1	1/8	1/8	1		0	60	C4	4	255
27	26	210	210	0.5	3/2	3/2	4/2	14	1	1/8	1/8	1		0	60	C4	4	256
27	26	421/2	421/2	0.5	13/8	13/8	4/2	14	1	1/8	1/8	1		3	57	A3	3	257
27	26	211	211	0.5	7/4	7/4	4/2	14	1	1/8	1/8	1		-2	58	Bb3	3	258
27	26	423/2	423/2	0.5	15/8	15/8	4/2	14	1	1/8	1/8	1		1	55	G3	3	259
28	27	212	212	4.0	0	0	4/2	21	1	1	1	1		-1	41	F2	2	271
28	27	212	212	1.0	0	0	4/2	14	1	1/4	1/4	1		3	57	A3	3	262
28	27	213	213	1.0	1/4	1/4	4/2	14	1	1/4	1/4	1		3	57	A3	3	263
28	27	429/2	429/2	0.5	5/8	5/8	4/2	14	1	1/8	1/8	1		3	57	A3	3	264
28	27	215	215	0.5	3/4	3/4	4/2	14	1	1/8	1/8	1		3	57	A3	3	265
28	27	431/2	431/2	0.5	7/8	7/8	4/2	14	1	1/8	1/8	1		-2	58	Bb3	3	266
28	27	216	216	4.0	1	1	4/2	21	1	1	1	1		-1	41	F2	2	272
28	27	216	216	1.0	1	1	4/2	14	1	1/4	1/4	1		0	60	C4	4	267
28	27	217	217	1.0	5/4	5/4	4/2	14	1	1/4	1/4	1		3	57	A3	3	268
28	27	218	218	1.5	3/2	3/2	4/2	14	1	3/8	1/4	3/2		3	57	A3	3	269
28	27	439/2	439/2	0.5	15/8	15/8	4/2	14	1	1/8	1/8	1		1	55	G3	3	270
29	28	220	220	1.0	0	0	4/2	21	1	1/4	1/4	1		-1	41	F2	2	281
29	28	220	220	1.0	0	0	4/2	14	1	1/4	1/4	1		-1	53	F3	3	277
29	28	221	221	1.0	1/4	1/4	4/2	21	1	1/4	1/4	1		-1	41	F2	2	282
29	28	221	221	1.0	1/4	1/4	4/2	14	1	1/4	1/4	1		-1	53	F3	3	278
29	28	222	222	2.0	1/2	1/2	4/2	21	1	1/2	1/2	1		0	48	C3	3	283
29	28	222	222	2.0	1/2	1/2	4/2	14	1	1/2	1/2	1		1	55	G3	3	279
29	28	224	224	2.0	1	1	4/2	21	1	1/2	1/2	1		-1	41	F2	2	284
29	28	224	224	2.0	1	1	4/2	14	1	1/2	1/2	1		-1	53	F3	3	280
29	28	226	226	2.0	3/2	3/2	4/2	21	1	1/2	1/2	1	1	-1	53	F3	3	285
29	28	226	226	0.5	3/2	3/2	4/2	8	1	1/8	1/8	1		3	69	A4	4	273
29	28	453/2	453/2	0.5	13/8	13/8	4/2	8	1	1/8	1/8	1		1	67	G4	4	274
29	28	227	227	0.5	7/4	7/4	4/2	8	1	1/8	1/8	1		3	69	A4	4	275
29	28	455/2	455/2	0.5	15/8	15/8	4/2	8	1	1/8	1/8	1		-2	70	Bb4	4	276
30	29	228	228	2.0	0	0	4/2	21	1	1/2	1/2	1	-1	-1	53	F3	3	293
30	29	228	228	1.0	0	0	4/2	8	1	1/4	1/4	1		0	72	C5	5	286
30	29	229	229	1.0	1/4	1/4	4/2	8	1	1/4	1/4	1		3	69	A4	4	287
30	29	230	230	2.0	1/2	1/2	4/2	21	1	1/2	1/2	1		2	50	D3	3	294
30	29	230	230	2.0	1/2	1/2	4/2	8	1	1/2	1/2	1	1	2	74	D5	5	288
30	29	232	232	2.0	1	1	4/2	21	1	1/2	1/2	1		-3	51	Eb3	3	295
30	29	232	232	1.0	1	1	4/2	8	1	1/4	1/4	1	-1	2	74	D5	5	289
30	29	233	233	0.5	5/4	5/4	4/2	8	1	1/8	1/8	1		1	67	G4	4	290
30	29	467/2	467/2	0.5	11/8	11/8	4/2	8	1	1/8	1/8	1		3	69	A4	4	291
30	29	234	234	2.0	3/2	3/2	4/2	21	1	1/2	1/2	1		2	50	D3	3	296
30	29	234	234	2.0	3/2	3/2	4/2	8	1	1/2	1/2	1		3	69	A4	4	292
31	30	236	236	4.0	0	0	4/2	21	1	1	1	1		1	43	G2	2	303
31	30	236	236	4.0	0	0	4/2	8	1	1	1	1		1	67	G4	4	297
31	30	240	240	3.0	1	1	4/2	21	1	3/4	1/2	3/2		0	48	C3	3	304
31	30	240	240	1.0	1	1	4/2	8	1	1/4	1/4	1		1	67	G4	4	298
31	30	241	241	0.5	5/4	5/4	4/2	8	1	1/8	1/8	1		3	69	A4	4	299
31	30	483/2	483/2	0.5	11/8	11/8	4/2	8	1	1/8	1/8	1		5	71	B4	4	300
31	30	242	242	1.0	3/2	3/2	4/2	8	1	1/4	1/4	1		0	72	C5	5	301
31	30	243	243	1.0	7/4	7/4	4/2	21	1	1/4	1/4	1		2	50	D3	3	305
31	30	243	243	1.0	7/4	7/4	4/2	8	1	1/4	1/4	1		3	69	A4	4	302
32	31	244	244	4.0	0	0	4/2	21	1	1	1	1		1	43	G2	2	313
32	31	244	244	1.0	0	0	4/2	8	1	1/4	1/4	1		5	71	B4	4	306
32	31	245	245	1.0	1/4	1/4	4/2	8	1	1/4	1/4	1	1	2	74	D5	5	307
32	31	246	246	0.5	1/2	1/2	4/2	8	1	1/8	1/8	1	-1	2	74	D5	5	308
32	31	493/2	493/2	0.5	5/8	5/8	4/2	8	1	1/8	1/8	1		0	72	C5	5	309
32	31	247	247	1.0	3/4	3/4	4/2	8	1	1/4	1/4	1		5	71	B4	4	310
32	31	248	248	4.0	1	1	4/2	21	1	1	1	1		2	50	D3	3	314
32	31	248	248	2.0	1	1	4/2	8	1	1/2	1/2	1		3	69	A4	4	311
32	31	250	250	2.0	3/2	3/2	4/2	8	1	1/2	1/2	1		3	69	A4	4	312
33	32	252	252	2.0	0	0	3/4	21	1	1/2	1/2	1		2	50	D3	3	317
33	32	252	252	2.0	0	0	3/4	8	1	1/2	1/2	1		2	74	D5	5	315
33	32	254	254	1.0	1/2	1/2	3/4	21	1	1/4	1/4	1		1	55	G3	3	318
33	32	254	254	1.0	1/2	1/2	3/4	8	1	1/4	1/4	1		5	71	B4	4	316
34	33	255	255	2.0	0	0	3/4	21	1	1/2	1/2	1		-1	53	F3	3	321
34	33	255	255	2.0	0	0	3/4	8	1	1/2	1/2	1		0	72	C5	5	319
34	33	257	257	1.0	1/2	1/2	3/4	21	1	1/4	1/4	1		-1	53	F3	3	322
34	33	257	257	1.0	1/2	1/2	3/4	8	1	1/4	1/4	1		0	72	C5	5	320
35	34	258	258	1.0	0	0	3/4	21	1	1/4	1/4	1		1	55	G3	3	325
35	34	258	258	1.0	0	0	3/4	8	1	1/4	1/4	1		5	71	B4	4	323
35	34	259	259	2.0	1/4	1/4	3/4	21	1	1/2	1/2	1		2	50	D3	3	326
35	34	259	259	2.0	1/4	1/4	3/4	8	1	1/2	1/2	1		3	69	A4	4	324
36	35	261	261	2.0	0	0	6/4	21	1	1/2	1/2	1		1	43	G2	2	333
36	35	261	261	2.0	0	0	6/4	8	1	1/2	1/2	1		5	71	B4	4	327
36	35	263	263	2.0	1/2	1/2	6/4	21	1	1/2	1/2	1		0	48	C3	3	334
36	35	264	264	1.0	3/4	3/4	6/4	8	1	1/4	1/4	1		1	67	G4	4	328
36	35	265	265	2.0	1	1	6/4	21	1	1/2	1/2	1	1	-1	53	F3	3	335
36	35	265	265	0.5	1	1	6/4	8	1	1/8	1/8	1		3	69	A4	4	329
36	35	531/2	531/2	0.5	9/8	9/8	6/4	8	1	1/8	1/8	1		1	67	G4	4	330
36	35	266	266	0.5	5/4	5/4	6/4	8	1	1/8	1/8	1		3	69	A4	4	331
36	35	533/2	533/2	0.5	11/8	11/8	6/4	8	1	1/8	1/8	1		-2	70	Bb4	4	332
37	36	267	267	1.0	0	0	6/4	21	1	1/4	1/4	1	-1	-1	53	F3	3	346
37	36	267	267	1.0	0	0	6/4	8	1	1/4	1/4	1		0	72	C5	5	336
37	36	268	268	1.0	1/4	1/4	6/4	21	1	1/4	1/4	1		-1	53	F3	3	347
37	36	268	268	1.0	1/4	1/4	6/4	8	1	1/4	1/4	1		0	72	C5	5	337
37	36	269	269	2.0	1/2	1/2	6/4	21	1	1/2	1/2	1		-2	46	Bb2	2	348
37	36	269	269	0.5	1/2	1/2	6/4	8	1	1/8	1/8	1		2	74	D5	5	338
37	36	539/2	539/2	0.5	5/8	5/8	6/4	8	1	1/8	1/8	1		0	72	C5	5	339
37	36	270	270	0.5	3/4	3/4	6/4	8	1	1/8	1/8	1		-2	70	Bb4	4	340
37	36	541/2	541/2	0.5	7/8	7/8	6/4	8	1	1/8	1/8	1		3	69	A4	4	341
37	36	271	271	2.0	1	1	6/4	21	1	1/2	1/2	1		0	48	C3	3	349
37	36	271	271	0.5	1	1	6/4	8	1	1/8	1/8	1		-2	70	Bb4	4	342
37	36	543/2	543/2	0.5	9/8	9/8	6/4	8	1	1/8	1/8	1		3	69	A4	4	343
37	36	272	272	0.5	5/4	5/4	6/4	8	1	1/8	1/8	1		-2	70	Bb4	4	344
37	36	545/2	545/2	0.5	11/8	11/8	6/4	8	1	1/8	1/8	1		1	67	G4	4	345
38	37	273	273	2.0	0	0	6/4	21	1	1/2	1/2	1		-1	41	F2	2	354
38	37	273	273	3.0	0	0	6/4	8	1	3/4	1/2	3/2		3	69	A4	4	350
38	37	275	275	2.0	1/2	1/2	6/4	21	1	1/2	1/2	1		-1	53	F3	3	355
38	37	276	276	1.0	3/4	3/4	6/4	8	1	1/4	1/4	1		0	72	C5	5	351
38	37	277	277	1.0	1	1	6/4	21	1	1/4	1/4	1		2	50	D3	3	356
38	37	277	277	1.5	1	1	6/4	8	1	3/8	1/4	3/2		2	74	D5	5	352
38	37	278	278	1.0	5/4	5/4	6/4	21	1	1/4	1/4	1		2	50	D3	3	357
38	37	557/2	557/2	0.5	11/8	11/8	6/4	8	1	1/8	1/8	1		0	72	C5	5	353
39	38	279	279	2.0	0	0	6/4	21	1	1/2	1/2	1		4	52	E3	3	361
39	38	279	279	2.0	0	0	6/4	8	1	1/2	1/2	1		5	71	B4	4	358
39	38	281	281	2.0	1/2	1/2	6/4	21	1	1/2	1/2	1		3	45	A2	2	362
39	38	281	281	2.0	1/2	1/2	6/4	8	1	1/2	1/2	1		3	69	A4	4	359
39	38	283	283	2.0	1	1	6/4	14	1	1/2	1/2	1		3	57	A3	3	360
40	39	285	285	1.5	0	0	6/4	14	1	3/8	1/4	3/2		2	62	D4	4	363
40	39	573/2	573/2	0.5	3/8	3/8	6/4	14	1	1/8	1/8	1		5	59	B3	3	364
40	39	287	287	1.0	1/2	1/2	6/4	14	1	1/4	1/4	1		0	60	C4	4	365
40	39	288	288	1.0	3/4	3/4	6/4	14	1	1/4	1/4	1		2	62	D4	4	366
40	39	289	289	2.0	1	1	6/4	14	1	1/2	1/2	1		5	59	B3	3	367
41	40	291	291	2.0	0	0	6/4	14	1	1/2	1/2	1		4	52	E3	3	368
41	40	293	293	1.0	1/2	1/2	6/4	14	1	1/4	1/4	1		3	57	A3	3	369
41	40	294	294	1.0	3/4	3/4	6/4	14	1	1/4	1/4	1		2	50	D3	3	370
41	40	295	295	2.0	1	1	6/4	14	1	1/2	1/2	1		4	52	E3	3	371
42	41	297	297	2.0	0	0	6/4	21	1	1/2	1/2	1		3	45	A2	2	381
42	41	297	297	2.0	0	0	6/4	2	1	1/2	1/2	1		4	64	E4	4	372
42	41	299	299	4.0	1/2	1/2	6/4	21	1	1	1	1		2	50	D3	3	382
42	41	299	299	0.5	1/2	1/2	6/4	2	1	1/8	1/8	1		6	66	F#4	4	373
42	41	599/2	599/2	0.5	5/8	5/8	6/4	2	1	1/8	1/8	1		4	64	E4	4	374
42	41	300	300	0.5	3/4	3/4	6/4	2	1	1/8	1/8	1		6	66	F#4	4	375
42	41	601/2	601/2	0.5	7/8	7/8	6/4	2	1	1/8	1/8	1		1	67	G4	4	376
42	41	301	301	0.5	1	1	6/4	2	1	1/8	1/8	1		3	69	A4	4	377
42	41	603/2	603/2	0.5	9/8	9/8	6/4	2	1	1/8	1/8	1		1	67	G4	4	378
42	41	302	302	0.5	5/4	5/4	6/4	2	1	1/8	1/8	1		3	69	A4	4	379
42	41	605/2	605/2	0.5	11/8	11/8	6/4	2	1	1/8	1/8	1		5	71	B4	4	380
43	42	303	303	1.0	0	0	6/4	21	1	1/4	1/4	1		2	50	D3	3	388
43	42	303	303	1.0	0	0	6/4	2	1	1/4	1/4	1		3	69	A4	4	383
43	42	304	304	1.0	1/4	1/4	6/4	21	1	1/4	1/4	1		5	47	B2	2	389
43	42	304	304	1.0	1/4	1/4	6/4	2	1	1/4	1/4	1		1	67	G4	4	384
43	42	305	305	1.0	1/2	1/2	6/4	21	1	1/4	1/4	1		0	48	C3	3	390
43	42	305	305	1.0	1/2	1/2	6/4	2	1	1/4	1/4	1		1	67	G4	4	385
43	42	306	306	1.0	3/4	3/4	6/4	21	1	1/4	1/4	1		2	50	D3	3	391
43	42	306	306	1.0	3/4	3/4	6/4	2	1	1/4	1/4	1		6	66	F#4	4	386
43	42	307	307	2.0	1	1	6/4	21	1	1/2	1/2	1		1	55	G3	3	392
43	42	307	307	2.0	1	1	6/4	2	1	1/2	1/2	1	1	1	67	G4	4	387
44	43	309	309	2.0	0	0	6/4	21	1	1/2	1/2	1		4	52	E3	3	400
44	43	309	309	1.0	0	0	6/4	2	1	1/4	1/4	1	-1	1	67	G4	4	393
44	43	310	310	1.0	1/4	1/4	6/4	2	1	1/4	1/4	1		1	67	G4	4	394
44	43	311	311	2.0	1/2	1/2	6/4	21	1	1/2	1/2	1		-1	53	F3	3	401
44	43	311	311	2.0	1/2	1/2	6/4	2	1	1/2	1/2	1		1	67	G4	4	395
44	43	313	313	2.0	1	1	6/4	21	1	1/2	1/2	1		2	50	D3	3	402
44	43	313	313	0.5	1	1	6/4	2	1	1/8	1/8	1		-1	65	F4	4	396
44	43	627/2	627/2	0.5	9/8	9/8	6/4	2	1	1/8	1/8	1		4	64	E4	4	397
44	43	314	314	0.5	5/4	5/4	6/4	2	1	1/8	1/8	1		-1	65	F4	4	398
44	43	629/2	629/2	0.5	11/8	11/8	6/4	2	1	1/8	1/8	1		1	67	G4	4	399
45	44	315	315	4.0	0	0	6/4	21	1	1	1	1		4	52	E3	3	405
45	44	315	315	4.0	0	0	6/4	2	1	1	1	1		4	64	E4	4	403
45	44	319	319	2.0	1	1	6/4	21	1	1/2	1/2	1		3	45	A2	2	406
45	44	319	319	2.0	1	1	6/4	2	1	1/2	1/2	1		4	64	E4	4	404
46	44	321	321	2.0	0	0	6/4	13	1	1/2	1/2	1		3	45	A2	2	411
46	44	321	321	2.0	0	0	6/4	11	1	1/2	1/2	1		4	64	E4	4	409
46	44	321	321	2.0	0	0	6/4	10	1	1/2	1/2	1		3	69	A4	4	408
46	44	321	321	2.0	0	0	6/4	12	1	1/2	1/2	1		3	69	A4	4	410
46	44	321	321	2.0	0	0	6/4	9	1	1/2	1/2	1		7	73	C#5	5	407
47	45	323	323	6.0	0	0	6/2	13	1	3/2	1	3/2		2	50	D3	3	436
47	45	323	323	1.0	0	0	6/2	11	1	1/4	1/4	1		6	66	F#4	4	424
47	45	323	323	1.0	0	0	6/2	10	1	1/4	1/4	1		3	69	A4	4	416
47	45	323	323	6.0	0	0	6/2	12	1	3/2	1	3/2		3	69	A4	4	432
47	45	323	323	6.0	0	0	6/2	9	1	3/2	1	3/2		2	74	D5	5	412
47	45	324	324	1.0	1/4	1/4	6/2	11	1	1/4	1/4	1		4	64	E4	4	425
47	45	324	324	1.0	1/4	1/4	6/2	10	1	1/4	1/4	1		1	67	G4	4	417
47	45	325	325	1.0	1/2	1/2	6/2	11	1	1/4	1/4	1		6	66	F#4	4	426
47	45	325	325	1.0	1/2	1/2	6/2	10	1	1/4	1/4	1		3	69	A4	4	418
47	45	326	326	1.0	3/4	3/4	6/2	11	1	1/4	1/4	1		1	67	G4	4	427
47	45	326	326	1.0	3/4	3/4	6/2	10	1	1/4	1/4	1		-2	70	Bb4	4	419
47	45	327	327	2.0	1	1	6/2	11	1	1/2	1/2	1		6	66	F#4	4	428
47	45	327	327	2.0	1	1	6/2	10	1	1/2	1/2	1		3	69	A4	4	420
47	45	329	329	2.0	3/2	3/2	6/2	13	1	1/2	1/2	1		5	47	B2	2	437
47	45	329	329	2.0	3/2	3/2	6/2	10	1	1/2	1/2	1		1	67	G4	4	421
47	45	329	329	2.0	3/2	3/2	6/2	11	1	1/2	1/2	1		1	67	G4	4	429
47	45	329	329	2.0	3/2	3/2	6/2	12	1	1/2	1/2	1		5	71	B4	4	433
47	45	329	329	2.0	3/2	3/2	6/2	9	1	1/2	1/2	1		2	74	D5	5	413
47	45	331	331	2.0	2	2	6/2	13	1	1/2	1/2	1		0	48	C3	3	438
47	45	331	331	2.0	2	2	6/2	11	1	1/2	1/2	1		4	64	E4	4	430
47	45	331	331	2.0	2	2	6/2	10	1	1/2	1/2	1		1	67	G4	4	422
47	45	331	331	2.0	2	2	6/2	12	1	1/2	1/2	1		3	69	A4	4	434
47	45	331	331	2.0	2	2	6/2	9	1	1/2	1/2	1		0	72	C5	5	414
47	45	333	333	2.0	5/2	5/2	6/2	13	1	1/2	1/2	1		2	50	D3	3	439
47	45	333	333	2.0	5/2	5/2	6/2	11	1	1/2	1/2	1		2	62	D4	4	431
47	45	333	333	2.0	5/2	5/2	6/2	10	1	1/2	1/2	1		6	66	F#4	4	423
47	45	333	333	2.0	5/2	5/2	6/2	9	1	1/2	1/2	1		3	69	A4	4	415
47	45	333	333	2.0	5/2	5/2	6/2	12	1	1/2	1/2	1		3	69	A4	4	435
48	46	335	335	2.0	0	0	4/2	13	1	1/2	1/2	1		1	43	G2	2	457
48	46	335	335	2.0	0	0	4/2	11	1	1/2	1/2	1		2	62	D4	4	449
48	46	335	335	2.0	0	0	4/2	10	1	1/2	1/2	1		1	67	G4	4	444
48	46	335	335	2.0	0	0	4/2	12	1	1/2	1/2	1		1	67	G4	4	453
48	46	335	335	2.0	0	0	4/2	9	1	1/2	1/2	1		5	71	B4	4	440
48	46	337	337	2.0	1/2	1/2	4/2	13	1	1/2	1/2	1		5	47	B2	2	458
48	46	337	337	2.0	1/2	1/2	4/2	11	1	1/2	1/2	1		2	62	D4	4	450
48	46	337	337	2.0	1/2	1/2	4/2	12	1	1/2	1/2	1		1	67	G4	4	454
48	46	337	337	2.0	1/2	1/2	4/2	9	1	1/2	1/2	1		2	74	D5	5	441
48	46	338	338	1.0	3/4	3/4	4/2	10	1	1/4	1/4	1		1	67	G4	4	445
48	46	339	339	2.0	1	1	4/2	13	1	1/2	1/2	1		0	48	C3	3	459
48	46	339	339	2.0	1	1	4/2	11	1	1/2	1/2	1		0	60	C4	4	451
48	46	339	339	1.0	1	1	4/2	10	1	1/4	1/4	1		1	67	G4	4	446
48	46	339	339	2.0	1	1	4/2	12	1	1/2	1/2	1		1	67	G4	4	455
48	46	339	339	2.0	1	1	4/2	9	1	1/2	1/2	1		4	76	E5	5	442
48	46	340	340	2.0	5/4	5/4	4/2	10	1	1/2	1/2	1		0	72	C5	5	447
48	46	341	341	2.0	3/2	3/2	4/2	13	1	1/2	1/2	1		3	45	A2	2	460
48	46	341	341	2.0	3/2	3/2	4/2	11	1	1/2	1/2	1		4	64	E4	4	452
48	46	341	341	2.0	3/2	3/2	4/2	12	1	1/2	1/2	1		3	69	A4	4	456
48	46	341	341	2.0	3/2	3/2	4/2	9	1	1/2	1/2	1		0	72	C5	5	443
48	46	342	342	1.0	7/4	7/4	4/2	10	1	1/4	1/4	1		3	69	A4	4	448
49	47	343	343	4.0	0	0	4/2	13	1	1	1	1		4	52	E3	3	470
49	47	343	343	4.0	0	0	4/2	11	1	1	1	1		4	64	E4	4	466
49	47	343	343	2.0	0	0	4/2	10	1	1/2	1/2	1		3	69	A4	4	463
49	47	343	343	4.0	0	0	4/2	9	1	1	1	1		5	71	B4	4	461
49	47	343	343	4.0	0	0	4/2	12	1	1	1	1		5	71	B4	4	468
49	47	345	345	2.0	1/2	1/2	4/2	10	1	1/2	1/2	1		8	68	G#4	4	464
49	47	347	347	4.0	1	1	4/2	13	1	1	1	1		3	45	A2	2	471
49	47	347	347	4.0	1	1	4/2	11	1	1	1	1		4	64	E4	4	467
49	47	347	347	4.0	1	1	4/2	9	1	1	1	1		3	69	A4	4	462
49	47	347	347	4.0	1	1	4/2	10	1	1	1	1		3	69	A4	4	465
49	47	347	347	4.0	1	1	4/2	12	1	1	1	1		7	73	C#5	5	469
50	48	351	351	4.0	0	0	4/2	21	1	1	1	1		2	50	D3	3	477
50	48	351	351	2.0	0	0	4/2	1	1	1/2	1/2	1		3	69	A4	4	472
50	48	353	353	2.0	1/2	1/2	4/2	1	1	1/2	1/2	1		3	69	A4	4	473
50	48	355	355	4.0	1	1	4/2	21	1	1	1	1		2	50	D3	3	478
50	48	356	356	1.0	5/4	5/4	4/2	1	1	1/4	1/4	1		2	74	D5	5	474
50	48	357	357	1.5	3/2	3/2	4/2	1	1	3/8	1/4	3/2		2	74	D5	5	475
50	48	717/2	717/2	0.5	15/8	15/8	4/2	1	1	1/8	1/8	1		3	69	A4	4	476
51	49	359	359	4.0	0	0	4/2	21	1	1	1	1		1	43	G2	2	486
51	49	359	359	2.0	0	0	4/2	1	1	1/2	1/2	1		5	71	B4	4	479
51	49	361	361	2.0	1/2	1/2	4/2	1	1	1/2	1/2	1		5	71	B4	4	480
51	49	363	363	4.0	1	1	4/2	21	1	1	1	1		1	43	G2	2	487
51	49	727/2	727/2	0.5	9/8	9/8	4/2	1	1	1/8	1/8	1		5	71	B4	4	481
51	49	364	364	0.5	5/4	5/4	4/2	1	1	1/8	1/8	1		5	71	B4	4	482
51	49	729/2	729/2	0.5	11/8	11/8	4/2	1	1	1/8	1/8	1		0	72	C5	5	483
51	49	365	365	1.0	3/2	3/2	4/2	1	1	1/4	1/4	1		2	74	D5	5	484
51	49	366	366	1.0	7/4	7/4	4/2	1	1	1/4	1/4	1		5	71	B4	4	485
52	50	367	367	2.0	0	0	4/2	21	1	1/2	1/2	1		0	48	C3	3	495
52	50	367	367	1.5	0	0	4/2	1	1	3/8	1/4	3/2		0	72	C5	5	488
52	50	737/2	737/2	0.5	3/8	3/8	4/2	1	1	1/8	1/8	1		1	67	G4	4	489
52	50	369	369	2.0	1/2	1/2	4/2	21	1	1/2	1/2	1		4	52	E3	3	496
52	50	369	369	1.5	1/2	1/2	4/2	1	1	3/8	1/4	3/2		1	67	G4	4	490
52	50	741/2	741/2	0.5	7/8	7/8	4/2	1	1	1/8	1/8	1		1	67	G4	4	491
52	50	371	371	4.0	1	1	4/2	21	1	1	1	1		2	50	D3	3	497
52	50	371	371	2.0	1	1	4/2	1	1	1/2	1/2	1		3	69	A4	4	492
52	50	373	373	1.0	3/2	3/2	4/2	1	1	1/4	1/4	1		3	69	A4	4	493
52	50	374	374	1.0	7/4	7/4	4/2	1	1	1/4	1/4	1		3	69	A4	4	494
53	51	375	375	2.0	0	0	4/2	21	1	1/2	1/2	1		2	50	D3	3	511
53	51	375	375	0.5	0	0	4/2	1	1	1/8	1/8	1		3	69	A4	4	498
53	51	751/2	751/2	0.5	1/8	1/8	4/2	1	1	1/8	1/8	1		6	66	F#4	4	499
53	51	376	376	0.5	1/4	1/4	4/2	1	1	1/8	1/8	1		1	67	G4	4	500
53	51	753/2	753/2	0.5	3/8	3/8	4/2	1	1	1/8	1/8	1		3	69	A4	4	501
53	51	377	377	2.0	1/2	1/2	4/2	21	1	1/2	1/2	1		1	43	G2	2	512
53	51	377	377	1.0	1/2	1/2	4/2	1	1	1/4	1/4	1		5	71	B4	4	502
53	51	378	378	1.0	3/4	3/4	4/2	1	1	1/4	1/4	1		5	71	B4	4	503
53	51	379	379	4.0	1	1	4/2	21	1	1	1	1		1	43	G2	2	513
53	51	759/2	759/2	0.5	9/8	9/8	4/2	1	1	1/8	1/8	1		2	74	D5	5	504
53	51	380	380	0.5	5/4	5/4	4/2	1	1	1/8	1/8	1		0	72	C5	5	505
53	51	761/2	761/2	0.5	11/8	11/8	4/2	1	1	1/8	1/8	1		5	71	B4	4	506
53	51	381	381	0.5	3/2	3/2	4/2	1	1	1/8	1/8	1		5	71	B4	4	507
53	51	763/2	763/2	0.5	13/8	13/8	4/2	1	1	1/8	1/8	1		3	69	A4	4	508
53	51	382	382	0.5	7/4	7/4	4/2	1	1	1/8	1/8	1		1	67	G4	4	509
53	51	765/2	765/2	0.5	15/8	15/8	4/2	1	1	1/8	1/8	1		6	66	F#4	4	510
54	52	383	383	2.0	0	0	4/2	21	1	1/2	1/2	1		0	48	C3	3	519
54	52	383	383	1.5	0	0	4/2	1	1	3/8	1/4	3/2		1	67	G4	4	514
54	52	769/2	769/2	0.5	3/8	3/8	4/2	1	1	1/8	1/8	1		3	69	A4	4	515
54	52	385	385	2.0	1/2	1/2	4/2	21	1	1/2	1/2	1		2	50	D3	3	520
54	52	385	385	2.0	1/2	1/2	4/2	1	1	1/2	1/2	1		3	69	A4	4	516
54	52	387	387	2.0	1	1	4/2	21	1	1/2	1/2	1		1	43	G2	2	521
54	52	387	387	2.0	1	1	4/2	1	1	1/2	1/2	1		1	67	G4	4	517
54	52	389	389	2.0	3/2	3/2	4/2	21	1	1/2	1/2	1		-2	46	Bb2	2	522
54	52	390	390	1.0	7/4	7/4	4/2	1	1	1/4	1/4	1	1	2	74	D5	5	518
55	53	391	391	2.0	0	0	4/2	21	1	1/2	1/2	1		-1	53	F3	3	532
55	53	391	391	1.0	0	0	4/2	1	1	1/4	1/4	1	-1	2	74	D5	5	523
55	53	392	392	0.5	1/4	1/4	4/2	1	1	1/8	1/8	1		0	72	C5	5	524
55	53	785/2	785/2	0.5	3/8	3/8	4/2	1	1	1/8	1/8	1		-2	70	Bb4	4	525
55	53	393	393	2.0	1/2	1/2	4/2	21	1	1/2	1/2	1		1	55	G3	3	533
55	53	393	393	1.5	1/2	1/2	4/2	1	1	3/8	1/4	3/2		3	69	A4	4	526
55	53	789/2	789/2	0.5	7/8	7/8	4/2	1	1	1/8	1/8	1		1	67	G4	4	527
55	53	395	395	4.0	1	1	4/2	21	1	1	1	1		-1	53	F3	3	534
55	53	395	395	1.5	1	1	4/2	1	1	3/8	1/4	3/2		3	69	A4	4	528
55	53	793/2	793/2	0.5	11/8	11/8	4/2	1	1	1/8	1/8	1		5	71	B4	4	529
55	53	397	397	1.0	3/2	3/2	4/2	1	1	1/4	1/4	1		0	72	C5	5	530
55	53	398	398	1.0	7/4	7/4	4/2	1	1	1/4	1/4	1		-1	65	F4	4	531
56	54	399	399	4.0	0	0	4/2	21	1	1	1	1		0	48	C3	3	542
56	54	399	399	1.0	0	0	4/2	1	1	1/4	1/4	1		1	67	G4	4	535
56	54	400	400	1.0	1/4	1/4	4/2	1	1	1/4	1/4	1		1	67	G4	4	536
56	54	803/2	803/2	0.5	5/8	5/8	4/2	1	1	1/8	1/8	1		0	72	C5	5	537
56	54	402	402	0.5	3/4	3/4	4/2	1	1	1/8	1/8	1		0	72	C5	5	538
56	54	805/2	805/2	0.5	7/8	7/8	4/2	1	1	1/8	1/8	1		-2	70	Bb4	4	539
56	54	403	403	4.0	1	1	4/2	21	1	1	1	1		1	43	G2	2	543
56	54	403	403	3.0	1	1	4/2	1	1	3/4	1/2	3/2		2	74	D5	5	540
56	54	406	406	1.0	7/4	7/4	4/2	1	1	1/4	1/4	1		1	67	G4	4	541
57	55	407	407	4.0	0	0	4/2	21	1	1	1	1		2	50	D3	3	551
57	55	407	407	2.0	0	0	4/2	1	1	1/2	1/2	1		3	69	A4	4	544
57	55	409	409	1.0	1/2	1/2	4/2	1	1	1/4	1/4	1		3	69	A4	4	545
57	55	410	410	1.0	3/4	3/4	4/2	1	1	1/4	1/4	1		3	69	A4	4	546
57	55	411	411	4.0	1	1	4/2	21	1	1	1	1		1	43	G2	2	552
57	55	411	411	2.0	1	1	4/2	1	1	1/2	1/2	1		5	71	B4	4	547
57	55	827/2	827/2	0.5	13/8	13/8	4/2	1	1	1/8	1/8	1		3	69	A4	4	548
57	55	414	414	0.5	7/4	7/4	4/2	1	1	1/8	1/8	1		5	71	B4	4	549
57	55	829/2	829/2	0.5	15/8	15/8	4/2	1	1	1/8	1/8	1		1	67	G4	4	550
58	56	415	415	4.0	0	0	4/2	21	1	1	1	1		2	50	D3	3	559
58	56	415	415	2.0	0	0	4/2	1	1	1/2	1/2	1		3	69	A4	4	553
58	56	417	417	1.0	1/2	1/2	4/2	1	1	1/4	1/4	1		6	66	F#4	4	554
58	56	418	418	1.0	3/4	3/4	4/2	1	1	1/4	1/4	1	1	3	69	A4	4	555
58	56	419	419	4.0	1	1	4/2	21	1	1	1	1		3	45	A2	2	560
58	56	419	419	1.0	1	1	4/2	1	1	1/4	1/4	1	-1	3	69	A4	4	556
58	56	420	420	1.0	5/4	5/4	4/2	1	1	1/4	1/4	1		6	66	F#4	4	557
58	56	421	421	2.0	3/2	3/2	4/2	1	1	1/2	1/2	1		4	64	E4	4	558
59	57	423	423	4.0	0	0	4/2	21	1	1	1	1		2	50	D3	3	567
59	57	423	423	4.0	0	0	4/2	1	1	1	1	1		2	62	D4	4	561
59	57	427	427	4.0	1	1	4/2	21	1	1	1	1		2	50	D3	3	568
59	57	427	427	1.0	1	1	4/2	7	1	1/4	1/4	1		3	69	A4	4	562
59	57	428	428	0.5	5/4	5/4	4/2	7	1	1/8	1/8	1		5	71	B4	4	563
59	57	857/2	857/2	0.5	11/8	11/8	4/2	7	1	1/8	1/8	1		0	72	C5	5	564
59	57	429	429	1.5	3/2	3/2	4/2	7	1	3/8	1/4	3/2		2	74	D5	5	565
59	57	861/2	861/2	0.5	15/8	15/8	4/2	7	1	1/8	1/8	1		3	69	A4	4	566
60	58	431	431	4.0	0	0	4/2	21	1	1	1	1		1	43	G2	2	576
60	58	431	431	2.0	0	0	4/2	7	1	1/2	1/2	1		-2	70	Bb4	4	569
60	58	433	433	1.0	1/2	1/2	4/2	7	1	1/4	1/4	1		-2	70	Bb4	4	570
60	58	434	434	1.0	3/4	3/4	4/2	7	1	1/4	1/4	1		1	67	G4	4	571
60	58	435	435	4.0	1	1	4/2	21	1	1	1	1		1	43	G2	2	577
60	58	435	435	2.0	1	1	4/2	7	1	1/2	1/2	1		1	67	G4	4	572
60	58	437	437	1.0	3/2	3/2	4/2	7	1	1/4	1/4	1		-2	70	Bb4	4	573
60	58	438	438	0.5	7/4	7/4	4/2	7	1	1/8	1/8	1		3	69	A4	4	574
60	58	877/2	877/2	0.5	15/8	15/8	4/2	7	1	1/8	1/8	1		1	67	G4	4	575
61	59	439	439	2.0	0	0	4/2	21	1	1/2	1/2	1		2	50	D3	3	586
61	59	439	439	1.0	0	0	4/2	7	1	1/4	1/4	1		3	69	A4	4	578
61	59	440	440	1.0	1/4	1/4	4/2	7	1	1/4	1/4	1		3	69	A4	4	579
61	59	441	441	2.0	1/2	1/2	4/2	21	1	1/2	1/2	1		2	50	D3	3	587
61	59	442	442	1.0	3/4	3/4	4/2	7	1	1/4	1/4	1	1	2	74	D5	5	580
61	59	443	443	2.0	1	1	4/2	21	1	1/2	1/2	1		1	55	G3	3	588
61	59	443	443	1.0	1	1	4/2	7	1	1/4	1/4	1	-1	2	74	D5	5	581
61	59	444	444	0.5	5/4	5/4	4/2	7	1	1/8	1/8	1		2	74	D5	5	582
61	59	889/2	889/2	0.5	11/8	11/8	4/2	7	1	1/8	1/8	1		-2	70	Bb4	4	583
61	59	445	445	2.0	3/2	3/2	4/2	21	1	1/2	1/2	1		-1	53	F3	3	589
61	59	445	445	1.0	3/2	3/2	4/2	7	1	1/4	1/4	1		2	74	D5	5	584
61	59	446	446	1.0	7/4	7/4	4/2	7	1	1/4	1/4	1		0	72	C5	5	585
62	60	447	447	4.0	0	0	4/2	21	1	1	1	1		-1	41	F2	2	597
62	60	895/2	895/2	0.5	1/8	1/8	4/2	7	1	1/8	1/8	1		3	69	A4	4	590
62	60	448	448	0.5	1/4	1/4	4/2	7	1	1/8	1/8	1		3	69	A4	4	591
62	60	897/2	897/2	0.5	3/8	3/8	4/2	7	1	1/8	1/8	1		3	69	A4	4	592
62	60	449	449	1.5	1/2	1/2	4/2	7	1	3/8	1/4	3/2		3	69	A4	4	593
62	60	901/2	901/2	0.5	7/8	7/8	4/2	7	1	1/8	1/8	1		-2	70	Bb4	4	594
62	60	451	451	4.0	1	1	4/2	21	1	1	1	1		-1	41	F2	2	598
62	60	451	451	2.0	1	1	4/2	7	1	1/2	1/2	1		0	72	C5	5	595
62	60	453	453	2.0	3/2	3/2	4/2	7	1	1/2	1/2	1		2	74	D5	5	596
63	61	455	455	2.0	0	0	4/2	21	1	1/2	1/2	1		1	43	G2	2	608
63	61	456	456	0.5	1/4	1/4	4/2	7	1	1/8	1/8	1		-2	70	Bb4	4	599
63	61	913/2	913/2	0.5	3/8	3/8	4/2	7	1	1/8	1/8	1		-2	70	Bb4	4	600
63	61	457	457	2.0	1/2	1/2	4/2	21	1	1/2	1/2	1		2	50	D3	3	609
63	61	457	457	1.0	1/2	1/2	4/2	7	1	1/4	1/4	1		3	69	A4	4	601
63	61	458	458	1.0	3/4	3/4	4/2	7	1	1/4	1/4	1		3	69	A4	4	602
63	61	459	459	4.0	1	1	4/2	21	1	1	1	1		1	43	G2	2	610
63	61	460	460	1.0	5/4	5/4	4/2	7	1	1/4	1/4	1		-2	70	Bb4	4	603
63	61	461	461	0.5	3/2	3/2	4/2	7	1	1/8	1/8	1		-2	70	Bb4	4	604
63	61	923/2	923/2	0.5	13/8	13/8	4/2	7	1	1/8	1/8	1		3	69	A4	4	605
63	61	462	462	0.5	7/4	7/4	4/2	7	1	1/8	1/8	1		-2	70	Bb4	4	606
63	61	925/2	925/2	0.5	15/8	15/8	4/2	7	1	1/8	1/8	1		0	72	C5	5	607
64	62	463	463	2.0	0	0	4/2	21	1	1/2	1/2	1		1	55	G3	3	616
64	62	463	463	3.0	0	0	4/2	7	1	3/4	1/2	3/2		2	74	D5	5	611
64	62	465	465	2.0	1/2	1/2	4/2	21	1	1/2	1/2	1		-3	51	Eb3	3	617
64	62	466	466	1.0	3/4	3/4	4/2	7	1	1/4	1/4	1		1	67	G4	4	612
64	62	467	467	4.0	1	1	4/2	21	1	1	1	1		2	50	D3	3	618
64	62	467	467	1.0	1	1	4/2	7	1	1/4	1/4	1		6	66	F#4	4	613
64	62	468	468	1.0	5/4	5/4	4/2	7	1	1/4	1/4	1		1	67	G4	4	614
64	62	469	469	2.0	3/2	3/2	4/2	7	1	1/2	1/2	1		3	69	A4	4	615
65	63	471	471	4.0	0	0	4/2	21	1	1	1	1		1	55	G3	3	625
65	63	471	471	4.0	0	0	4/2	7	1	1	1	1		1	67	G4	4	619
65	63	475	475	2.0	1	1	4/2	21	1	1/2	1/2	1		0	48	C3	3	626
65	63	475	475	1.0	1	1	4/2	14	1	1/4	1/4	1		0	60	C4	4	620
65	63	476	476	1.0	5/4	5/4	4/2	14	1	1/4	1/4	1		1	55	G3	3	621
65	63	477	477	2.0	3/2	3/2	4/2	21	1	1/2	1/2	1		-1	41	F2	2	627
65	63	477	477	1.0	3/2	3/2	4/2	14	1	1/4	1/4	1		3	57	A3	3	622
65	63	478	478	0.5	7/4	7/4	4/2	14	1	1/8	1/8	1		1	55	G3	3	623
65	63	957/2	957/2	0.5	15/8	15/8	4/2	14	1	1/8	1/8	1		-1	53	F3	3	624
66	64	479	479	4.0	0	0	4/2	21	1	1	1	1		0	48	C3	3	635
66	64	479	479	2.0	0	0	4/2	14	1	1/2	1/2	1		1	55	G3	3	628
66	64	481	481	2.0	1/2	1/2	4/2	14	1	1/2	1/2	1		1	55	G3	3	629
66	64	483	483	2.0	1	1	4/2	21	1	1/2	1/2	1		1	43	G2	2	636
66	64	483	483	1.0	1	1	4/2	14	1	1/4	1/4	1		2	62	D4	4	630
66	64	484	484	1.0	5/4	5/4	4/2	14	1	1/4	1/4	1		0	60	C4	4	631
66	64	485	485	2.0	3/2	3/2	4/2	21	1	1/2	1/2	1		1	43	G2	2	637
66	64	485	485	1.0	3/2	3/2	4/2	14	1	1/4	1/4	1		-2	58	Bb3	3	632
66	64	486	486	0.5	7/4	7/4	4/2	14	1	1/8	1/8	1		3	57	A3	3	633
66	64	973/2	973/2	0.5	15/8	15/8	4/2	14	1	1/8	1/8	1		-1	53	F3	3	634
67	65	487	487	2.0	0	0	4/2	21	1	1/2	1/2	1		2	50	D3	3	645
67	65	487	487	2.0	0	0	4/2	14	1	1/2	1/2	1		3	57	A3	3	638
67	65	489	489	2.0	1/2	1/2	4/2	21	1	1/2	1/2	1		2	50	D3	3	646
67	65	489	489	1.0	1/2	1/2	4/2	14	1	1/4	1/4	1		3	57	A3	3	639
67	65	490	490	1.0	3/4	3/4	4/2	14	1	1/4	1/4	1		6	54	F#3	3	640
67	65	491	491	3.0	1	1	4/2	21	1	3/4	1/2	3/2		2	50	D3	3	647
67	65	491	491	1.0	1	1	4/2	14	1	1/4	1/4	1		6	54	F#3	3	641
67	65	492	492	1.0	5/4	5/4	4/2	14	1	1/4	1/4	1		1	55	G3	3	642
67	65	493	493	1.0	3/2	3/2	4/2	14	1	1/4	1/4	1		3	57	A3	3	643
67	65	494	494	1.0	7/4	7/4	4/2	21	1	1/4	1/4	1		1	55	G3	3	648
67	65	494	494	1.0	7/4	7/4	4/2	14	1	1/4	1/4	1		-2	58	Bb3	3	644
68	66	495	495	2.0	0	0	4/2	21	1	1/2	1/2	1		-1	53	F3	3	655
68	66	495	495	2.0	0	0	4/2	14	1	1/2	1/2	1		0	60	C4	4	649
68	66	497	497	2.0	1/2	1/2	4/2	21	1	1/2	1/2	1		-1	53	F3	3	656
68	66	497	497	1.5	1/2	1/2	4/2	14	1	3/8	1/4	3/2		0	60	C4	4	650
68	66	997/2	997/2	0.5	7/8	7/8	4/2	14	1	1/8	1/8	1		3	57	A3	3	651
68	66	499	499	1.0	1	1	4/2	14	1	1/4	1/4	1		-2	58	Bb3	3	652
68	66	499	499	1.0	1	1	4/2	21	1	1/4	1/4	1		-2	58	Bb3	3	657
68	66	500	500	1.0	5/4	5/4	4/2	21	1	1/4	1/4	1		1	55	G3	3	658
68	66	500	500	1.0	5/4	5/4	4/2	14	1	1/4	1/4	1		-2	58	Bb3	3	653
68	66	501	501	2.0	3/2	3/2	4/2	21	1	1/2	1/2	1		-1	53	F3	3	659
68	66	501	501	2.0	3/2	3/2	4/2	14	1	1/2	1/2	1		0	60	C4	4	654
69	67	503	503	2.0	0	0	4/2	21	1	1/2	1/2	1		-1	53	F3	3	667
69	67	503	503	1.0	0	0	4/2	14	1	1/4	1/4	1		0	60	C4	4	660
69	67	504	504	1.0	1/4	1/4	4/2	14	1	1/4	1/4	1		-1	53	F3	3	661
69	67	505	505	1.5	1/2	1/2	4/2	14	1	3/8	1/4	3/2		-1	53	F3	3	662
69	67	505	505	2.0	1/2	1/2	4/2	21	1	1/2	1/2	1		-1	53	F3	3	668
69	67	1013/2	1013/2	0.5	7/8	7/8	4/2	14	1	1/8	1/8	1		1	55	G3	3	663
69	67	507	507	2.0	1	1	4/2	21	1	1/2	1/2	1		-1	53	F3	3	669
69	67	507	507	1.0	1	1	4/2	14	1	1/4	1/4	1		3	57	A3	3	664
69	67	508	508	1.0	5/4	5/4	4/2	14	1	1/4	1/4	1		-1	53	F3	3	665
69	67	509	509	2.0	3/2	3/2	4/2	21	1	1/2	1/2	1		0	48	C3	3	670
69	67	509	509	2.0	3/2	3/2	4/2	14	1	1/2	1/2	1		1	55	G3	3	666
70	68	511	511	4.0	0	0	4/2	21	1	1	1	1		0	48	C3	3	679
70	68	511	511	2.0	0	0	4/2	14	1	1/2	1/2	1		1	55	G3	3	671
70	68	513	513	1.0	1/2	1/2	4/2	14	1	1/4	1/4	1		0	60	C4	4	672
70	68	514	514	0.5	3/4	3/4	4/2	14	1	1/8	1/8	1		-1	53	F3	3	673
70	68	1029/2	1029/2	0.5	7/8	7/8	4/2	14	1	1/8	1/8	1		-1	53	F3	3	674
70	68	515	515	2.0	1	1	4/2	21	1	1/2	1/2	1		1	43	G2	2	680
70	68	515	515	1.5	1	1	4/2	14	1	3/8	1/4	3/2		-2	58	Bb3	3	675
70	68	1033/2	1033/2	0.5	11/8	11/8	4/2	14	1	1/8	1/8	1		-1	53	F3	3	676
70	68	517	517	2.0	3/2	3/2	4/2	21	1	1/2	1/2	1		2	50	D3	3	681
70	68	517	517	1.0	3/2	3/2	4/2	14	1	1/4	1/4	1		3	57	A3	3	677
70	68	518	518	1.0	7/4	7/4	4/2	14	1	1/4	1/4	1		3	57	A3	3	678
71	69	519	519	4.0	0	0	4/2	21	1	1	1	1		1	55	G3	3	689
71	69	520	520	1.0	1/4	1/4	4/2	14	1	1/4	1/4	1		5	59	B3	3	682
71	69	521	521	2.0	1/2	1/2	4/2	14	1	1/2	1/2	1	1	5	59	B3	3	683
71	69	523	523	4.0	1	1	4/2	21	1	1	1	1		5	47	B2	2	690
71	69	523	523	0.5	1	1	4/2	14	1	1/8	1/8	1	-1	5	59	B3	3	684
71	69	1047/2	1047/2	0.5	9/8	9/8	4/2	14	1	1/8	1/8	1		3	57	A3	3	685
71	69	524	524	0.75	5/4	5/4	4/2	14	1	3/16	1/8	3/2		3	57	A3	3	686
71	69	2099/4	2099/4	0.25	23/16	23/16	4/2	14	1	1/16	1/16	1		1	55	G3	3	687
71	69	525	525	2.0	3/2	3/2	4/2	14	1	1/2	1/2	1	1	1	55	G3	3	688
72	70	527	527	2.0	0	0	4/2	21	1	1/2	1/2	1		0	48	C3	3	697
72	70	527	527	1.0	0	0	4/2	14	1	1/4	1/4	1	-1	1	55	G3	3	691
72	70	528	528	2.0	1/4	1/4	4/2	14	1	1/2	1/2	1		0	60	C4	4	692
72	70	529	529	2.0	1/2	1/2	4/2	21	1	1/2	1/2	1		3	45	A2	2	698
72	70	530	530	1.0	3/4	3/4	4/2	14	1	1/4	1/4	1	1	-1	53	F3	3	693
72	70	531	531	2.0	1	1	4/2	21	1	1/2	1/2	1		-2	46	Bb2	2	699
72	70	531	531	1.0	1	1	4/2	14	1	1/4	1/4	1	-1	-1	53	F3	3	694
72	70	532	532	1.0	5/4	5/4	4/2	14	1	1/4	1/4	1		1	55	G3	3	695
72	70	533	533	2.0	3/2	3/2	4/2	21	1	1/2	1/2	1		0	48	C3	3	700
72	70	533	533	2.0	3/2	3/2	4/2	14	1	1/2	1/2	1		1	55	G3	3	696
73	71	535	535	4.0	0	0	4/2	21	1	1	1	1		-1	41	F2	2	705
73	71	535	535	2.0	0	0	4/2	14	1	1/2	1/2	1		-1	53	F3	3	701
73	71	538	538	1.0	3/4	3/4	4/2	14	1	1/4	1/4	1		3	57	A3	3	702
73	71	539	539	4.0	1	1	4/2	21	1	1	1	1		-1	41	F2	2	706
73	71	539	539	3.0	1	1	4/2	14	1	3/4	1/2	3/2		0	60	C4	4	703
73	71	542	542	1.0	7/4	7/4	4/2	14	1	1/4	1/4	1		3	57	A3	3	704
74	72	543	543	4.0	0	0	4/2	21	1	1	1	1		-1	53	F3	3	712
74	72	543	543	1.5	0	0	4/2	14	1	3/8	1/4	3/2		3	57	A3	3	707
74	72	1089/2	1089/2	0.5	3/8	3/8	4/2	14	1	1/8	1/8	1		-1	53	F3	3	708
74	72	545	545	2.0	1/2	1/2	4/2	14	1	1/2	1/2	1		3	57	A3	3	709
74	72	547	547	4.0	1	1	4/2	21	1	1	1	1		-1	53	F3	3	713
74	72	547	547	2.0	1	1	4/2	14	1	1/2	1/2	1		3	57	A3	3	710
74	72	550	550	1.0	7/4	7/4	4/2	14	1	1/4	1/4	1		-1	53	F3	3	711
75	73	551	551	0.5	0	0	4/2	14	1	1/8	1/8	1		-1	53	F3	3	714
75	73	551	551	3.0	0	0	4/2	21	1	3/4	1/2	3/2		-1	53	F3	3	723
75	73	1103/2	1103/2	0.5	1/8	1/8	4/2	14	1	1/8	1/8	1		1	55	G3	3	715
75	73	552	552	0.5	1/4	1/4	4/2	14	1	1/8	1/8	1		3	57	A3	3	716
75	73	1105/2	1105/2	0.5	3/8	3/8	4/2	14	1	1/8	1/8	1		-2	58	Bb3	3	717
75	73	553	553	1.0	1/2	1/2	4/2	14	1	1/4	1/4	1		0	60	C4	4	718
75	73	554	554	1.0	3/4	3/4	4/2	21	1	1/4	1/4	1		1	55	G3	3	724
75	73	554	554	1.0	3/4	3/4	4/2	14	1	1/4	1/4	1		-2	58	Bb3	3	719
75	73	555	555	2.0	1	1	4/2	21	1	1/2	1/2	1		-3	51	Eb3	3	725
75	73	555	555	2.0	1	1	4/2	14	1	1/2	1/2	1		1	55	G3	3	720
75	73	557	557	2.0	3/2	3/2	4/2	21	1	1/2	1/2	1		2	50	D3	3	726
75	73	557	557	1.0	3/2	3/2	4/2	14	1	1/4	1/4	1		3	57	A3	3	721
75	73	558	558	1.0	7/4	7/4	4/2	14	1	1/4	1/4	1		2	62	D4	4	722
76	74	559	559	2.0	0	0	4/2	21	1	1/2	1/2	1		5	47	B2	2	732
76	74	559	559	3.0	0	0	4/2	14	1	3/4	1/2	3/2		2	62	D4	4	727
76	74	561	561	2.0	1/2	1/2	4/2	21	1	1/2	1/2	1		5	47	B2	2	733
76	74	562	562	1.0	3/4	3/4	4/2	14	1	1/4	1/4	1		2	62	D4	4	728
76	74	563	563	1.0	1	1	4/2	21	1	1/4	1/4	1		0	48	C3	3	734
76	74	563	563	1.0	1	1	4/2	14	1	1/4	1/4	1		0	60	C4	4	729
76	74	564	564	1.0	5/4	5/4	4/2	21	1	1/4	1/4	1		1	43	G2	2	735
76	74	564	564	1.0	5/4	5/4	4/2	14	1	1/4	1/4	1		-2	58	Bb3	3	730
76	74	565	565	2.0	3/2	3/2	4/2	21	1	1/2	1/2	1		2	50	D3	3	736
76	74	565	565	2.0	3/2	3/2	4/2	14	1	1/2	1/2	1		3	57	A3	3	731
77	75	567	567	2.0	0	0	4/2	21	1	1/2	1/2	1		1	43	G2	2	743
77	75	567	567	2.0	0	0	4/2	14	1	1/2	1/2	1		1	55	G3	3	742
77	75	569	569	2.0	1/2	1/2	4/2	21	1	1/2	1/2	1		1	43	G2	2	744
77	75	570	570	1.0	3/4	3/4	4/2	1	1	1/4	1/4	1		2	62	D4	4	737
77	75	571	571	4.0	1	1	4/2	21	1	1	1	1		0	48	C3	3	745
77	75	571	571	1.5	1	1	4/2	1	1	3/8	1/4	3/2		4	64	E4	4	738
77	75	1145/2	1145/2	0.5	11/8	11/8	4/2	1	1	1/8	1/8	1		-1	65	F4	4	739
77	75	573	573	1.5	3/2	3/2	4/2	1	1	3/8	1/4	3/2		1	67	G4	4	740
77	75	1149/2	1149/2	0.5	15/8	15/8	4/2	1	1	1/8	1/8	1		-1	65	F4	4	741
78	76	575	575	4.0	0	0	4/2	21	1	1	1	1		-1	41	F2	2	753
78	76	575	575	2.0	0	0	4/2	1	1	1/2	1/2	1		3	69	A4	4	746
78	76	577	577	2.0	1/2	1/2	4/2	1	1	1/2	1/2	1		3	69	A4	4	747
78	76	579	579	4.0	1	1	4/2	21	1	1	1	1		-1	41	F2	2	754
78	76	579	579	1.0	1	1	4/2	1	1	1/4	1/4	1		0	72	C5	5	748
78	76	580	580	0.5	5/4	5/4	4/2	1	1	1/8	1/8	1		-2	70	Bb4	4	749
78	76	1161/2	1161/2	0.5	11/8	11/8	4/2	1	1	1/8	1/8	1		3	69	A4	4	750
78	76	581	581	1.5	3/2	3/2	4/2	1	1	3/8	1/4	3/2		3	69	A4	4	751
78	76	1165/2	1165/2	0.5	15/8	15/8	4/2	1	1	1/8	1/8	1		1	67	G4	4	752
79	77	583	583	2.0	0	0	4/2	21	1	1/2	1/2	1		-1	41	F2	2	761
79	77	583	583	2.0	0	0	4/2	1	1	1/2	1/2	1		3	69	A4	4	755
79	77	585	585	2.0	1/2	1/2	4/2	21	1	1/2	1/2	1		-1	41	F2	2	762
79	77	585	585	1.0	1/2	1/2	4/2	1	1	1/4	1/4	1		-1	65	F4	4	756
79	77	586	586	0.5	3/4	3/4	4/2	1	1	1/8	1/8	1		4	64	E4	4	757
79	77	1173/2	1173/2	0.5	7/8	7/8	4/2	1	1	1/8	1/8	1		-1	65	F4	4	758
79	77	587	587	4.0	1	1	4/2	21	1	1	1	1		0	48	C3	3	763
79	77	587	587	2.0	1	1	4/2	1	1	1/2	1/2	1		1	67	G4	4	759
79	77	589	589	2.0	3/2	3/2	4/2	1	1	1/2	1/2	1		1	67	G4	4	760
80	78	591	591	2.0	0	0	4/2	21	1	1/2	1/2	1		0	48	C3	3	773
80	78	591	591	1.0	0	0	4/2	1	1	1/4	1/4	1		1	67	G4	4	764
80	78	592	592	1.0	1/4	1/4	4/2	1	1	1/4	1/4	1		3	69	A4	4	765
80	78	593	593	2.0	1/2	1/2	4/2	21	1	1/2	1/2	1		1	43	G2	2	774
80	78	593	593	1.0	1/2	1/2	4/2	1	1	1/4	1/4	1		-2	70	Bb4	4	766
80	78	594	594	0.5	3/4	3/4	4/2	1	1	1/8	1/8	1		3	69	A4	4	767
80	78	1189/2	1189/2	0.5	7/8	7/8	4/2	1	1	1/8	1/8	1		1	67	G4	4	768
80	78	595	595	2.0	1	1	4/2	21	1	1/2	1/2	1		0	48	C3	3	775
80	78	595	595	1.0	1	1	4/2	1	1	1/4	1/4	1		3	69	A4	4	769
80	78	596	596	2.0	5/4	5/4	4/2	1	1	1/2	1/2	1		2	74	D5	5	770
80	78	597	597	2.0	3/2	3/2	4/2	21	1	1/2	1/2	1		4	52	E3	3	776
80	78	598	598	0.5	7/4	7/4	4/2	1	1	1/8	1/8	1		0	72	C5	5	771
80	78	1197/2	1197/2	0.5	15/8	15/8	4/2	1	1	1/8	1/8	1		-2	70	Bb4	4	772
81	79	599	599	2.0	0	0	4/2	21	1	1/2	1/2	1		-1	53	F3	3	786
81	79	599	599	1.0	0	0	4/2	1	1	1/4	1/4	1		-2	70	Bb4	4	777
81	79	600	600	1.0	1/4	1/4	4/2	1	1	1/4	1/4	1		3	69	A4	4	778
81	79	601	601	2.0	1/2	1/2	4/2	21	1	1/2	1/2	1		-1	41	F2	2	787
81	79	602	602	0.5	3/4	3/4	4/2	1	1	1/8	1/8	1		0	72	C5	5	779
81	79	1205/2	1205/2	0.5	7/8	7/8	4/2	1	1	1/8	1/8	1		2	74	D5	5	780
81	79	603	603	4.0	1	1	4/2	21	1	1	1	1		1	43	G2	2	788
81	79	603	603	1.0	1	1	4/2	1	1	1/4	1/4	1		-2	70	Bb4	4	781
81	79	604	604	0.5	5/4	5/4	4/2	1	1	1/8	1/8	1		-2	70	Bb4	4	782
81	79	1209/2	1209/2	0.5	11/8	11/8	4/2	1	1	1/8	1/8	1		3	69	A4	4	783
81	79	605	605	1.0	3/2	3/2	4/2	1	1	1/4	1/4	1		1	67	G4	4	784
81	79	606	606	1.0	7/4	7/4	4/2	1	1	1/4	1/4	1	1	-2	70	Bb4	4	785
82	80	607	607	4.0	0	0	4/2	21	1	1	1	1		2	50	D3	3	795
82	80	607	607	1.0	0	0	4/2	1	1	1/4	1/4	1	-1	-2	70	Bb4	4	789
82	80	608	608	0.5	1/4	1/4	4/2	1	1	1/8	1/8	1		3	69	A4	4	790
82	80	1217/2	1217/2	0.5	3/8	3/8	4/2	1	1	1/8	1/8	1		1	67	G4	4	791
82	80	609	609	2.0	1/2	1/2	4/2	1	1	1/2	1/2	1		3	69	A4	4	792
82	80	611	611	4.0	1	1	4/2	21	1	1	1	1		1	43	G2	2	796
82	80	611	611	2.0	1	1	4/2	1	1	1/2	1/2	1		1	67	G4	4	793
82	80	614	614	1.0	7/4	7/4	4/2	1	1	1/4	1/4	1		5	71	B4	4	794
83	81	615	615	4.0	0	0	4/2	21	1	1	1	1		0	48	C3	3	804
83	81	615	615	2.0	0	0	4/2	1	1	1/2	1/2	1	1	0	72	C5	5	797
83	81	617	617	0.5	1/2	1/2	4/2	1	1	1/8	1/8	1	-1	0	72	C5	5	798
83	81	1235/2	1235/2	0.5	5/8	5/8	4/2	1	1	1/8	1/8	1		1	67	G4	4	799
83	81	618	618	0.5	3/4	3/4	4/2	1	1	1/8	1/8	1		1	67	G4	4	800
83	81	1237/2	1237/2	0.5	7/8	7/8	4/2	1	1	1/8	1/8	1		1	67	G4	4	801
83	81	619	619	4.0	1	1	4/2	21	1	1	1	1		-1	41	F2	2	805
83	81	619	619	2.0	1	1	4/2	1	1	1/2	1/2	1		3	69	A4	4	802
83	81	621	621	2.0	3/2	3/2	4/2	1	1	1/2	1/2	1		3	69	A4	4	803
84	82	623	623	3.0	0	0	4/2	21	1	3/4	1/2	3/2		-1	53	F3	3	814
84	82	623	623	1.0	0	0	4/2	1	1	1/4	1/4	1		0	72	C5	5	806
84	82	624	624	0.5	1/4	1/4	4/2	1	1	1/8	1/8	1		0	72	C5	5	807
84	82	1249/2	1249/2	0.5	3/8	3/8	4/2	1	1	1/8	1/8	1		0	72	C5	5	808
84	82	625	625	1.5	1/2	1/2	4/2	1	1	3/8	1/4	3/2		2	74	D5	5	809
84	82	626	626	1.0	3/4	3/4	4/2	21	1	1/4	1/4	1		1	55	G3	3	815
84	82	1253/2	1253/2	0.5	7/8	7/8	4/2	1	1	1/8	1/8	1		5	71	B4	4	810
84	82	627	627	2.0	1	1	4/2	21	1	1/2	1/2	1		0	48	C3	3	816
84	82	627	627	2.0	1	1	4/2	1	1	1/2	1/2	1		0	72	C5	5	811
84	82	629	629	2.0	3/2	3/2	4/2	21	1	1/2	1/2	1		0	48	C3	3	817
84	82	629	629	1.0	3/2	3/2	4/2	1	1	1/4	1/4	1		0	72	C5	5	812
84	82	630	630	1.0	7/4	7/4	4/2	1	1	1/4	1/4	1		1	67	G4	4	813
85	83	631	631	2.0	0	0	4/2	21	1	1/2	1/2	1		-1	41	F2	2	828
85	83	631	631	0.5	0	0	4/2	1	1	1/8	1/8	1		3	69	A4	4	818
85	83	1263/2	1263/2	0.5	1/8	1/8	4/2	1	1	1/8	1/8	1		-2	70	Bb4	4	819
85	83	632	632	0.5	1/4	1/4	4/2	1	1	1/8	1/8	1		0	72	C5	5	820
85	83	1265/2	1265/2	0.5	3/8	3/8	4/2	1	1	1/8	1/8	1		3	69	A4	4	821
85	83	633	633	2.0	1/2	1/2	4/2	21	1	1/2	1/2	1		-2	46	Bb2	2	829
85	83	633	633	1.0	1/2	1/2	4/2	1	1	1/4	1/4	1		-2	70	Bb4	4	822
85	83	634	634	1.0	3/4	3/4	4/2	1	1	1/4	1/4	1	1	2	74	D5	5	823
85	83	635	635	2.0	1	1	4/2	21	1	1/2	1/2	1		-3	51	Eb3	3	830
85	83	635	635	1.0	1	1	4/2	1	1	1/4	1/4	1	-1	2	74	D5	5	824
85	83	636	636	0.5	5/4	5/4	4/2	1	1	1/8	1/8	1		0	72	C5	5	825
85	83	1273/2	1273/2	0.5	11/8	11/8	4/2	1	1	1/8	1/8	1		0	72	C5	5	826
85	83	637	637	2.0	3/2	3/2	4/2	21	1	1/2	1/2	1		-1	53	F3	3	831
85	83	637	637	2.0	3/2	3/2	4/2	1	1	1/2	1/2	1		0	72	C5	5	827
86	84	639	639	4.0	0	0	4/2	21	1	1	1	1		-2	46	Bb2	2	836
86	84	639	639	2.0	0	0	4/2	1	1	1/2	1/2	1		-2	70	Bb4	4	832
86	84	642	642	1.0	3/4	3/4	4/2	1	1	1/4	1/4	1		-1	65	F4	4	833
86	84	643	643	2.0	1	1	4/2	21	1	1/2	1/2	1		-2	46	Bb2	2	837
86	84	643	643	3.0	1	1	4/2	1	1	3/4	1/2	3/2		-2	70	Bb4	4	834
86	84	645	645	2.0	3/2	3/2	4/2	21	1	1/2	1/2	1		0	48	C3	3	838
86	84	646	646	1.0	7/4	7/4	4/2	1	1	1/4	1/4	1		1	67	G4	4	835
87	85	647	647	4.0	0	0	4/2	21	1	1	1	1		-1	41	F2	2	848
87	85	647	647	1.0	0	0	4/2	1	1	1/4	1/4	1		3	69	A4	4	839
87	85	648	648	1.0	1/4	1/4	4/2	1	1	1/4	1/4	1		-1	65	F4	4	840
87	85	649	649	0.5	1/2	1/2	4/2	1	1	1/8	1/8	1		-1	65	F4	4	841
87	85	1299/2	1299/2	0.5	5/8	5/8	4/2	1	1	1/8	1/8	1		4	64	E4	4	842
87	85	650	650	0.5	3/4	3/4	4/2	1	1	1/8	1/8	1		-1	65	F4	4	843
87	85	1301/2	1301/2	0.5	7/8	7/8	4/2	1	1	1/8	1/8	1		1	67	G4	4	844
87	85	651	651	4.0	1	1	4/2	21	1	1	1	1		-1	41	F2	2	849
87	85	651	651	2.0	1	1	4/2	1	1	1/2	1/2	1		3	69	A4	4	845
87	85	653	653	1.0	3/2	3/2	4/2	1	1	1/4	1/4	1		3	69	A4	4	846
87	85	654	654	1.0	7/4	7/4	4/2	1	1	1/4	1/4	1		3	69	A4	4	847
88	86	655	655	4.0	0	0	4/2	21	1	1	1	1		-1	41	F2	2	857
88	86	655	655	2.0	0	0	4/2	1	1	1/2	1/2	1		0	72	C5	5	850
88	86	657	657	1.0	1/2	1/2	4/2	1	1	1/4	1/4	1		3	69	A4	4	851
88	86	658	658	0.5	3/4	3/4	4/2	1	1	1/8	1/8	1		1	67	G4	4	852
88	86	1317/2	1317/2	0.5	7/8	7/8	4/2	1	1	1/8	1/8	1		-1	65	F4	4	853
88	86	659	659	4.0	1	1	4/2	21	1	1	1	1		0	48	C3	3	858
88	86	659	659	2.0	1	1	4/2	1	1	1/2	1/2	1		1	67	G4	4	854
88	86	661	661	1.0	3/2	3/2	4/2	1	1	1/4	1/4	1		1	67	G4	4	855
88	86	1325/2	1325/2	0.5	15/8	15/8	4/2	1	1	1/8	1/8	1		1	67	G4	4	856
89	87	663	663	4.0	0	0	4/2	21	1	1	1	1		1	43	G2	2	867
89	87	663	663	0.5	0	0	4/2	1	1	1/8	1/8	1		1	67	G4	4	859
89	87	1327/2	1327/2	0.5	1/8	1/8	4/2	1	1	1/8	1/8	1		3	69	A4	4	860
89	87	664	664	0.5	1/4	1/4	4/2	1	1	1/8	1/8	1		-2	70	Bb4	4	861
89	87	1329/2	1329/2	0.5	3/8	3/8	4/2	1	1	1/8	1/8	1		0	72	C5	5	862
89	87	665	665	2.0	1/2	1/2	4/2	1	1	1/2	1/2	1	1	2	74	D5	5	863
89	87	667	667	4.0	1	1	4/2	21	1	1	1	1		2	50	D3	3	868
89	87	667	667	1.0	1	1	4/2	1	1	1/4	1/4	1	-1	2	74	D5	5	864
89	87	668	668	1.0	5/4	5/4	4/2	1	1	1/4	1/4	1		-2	70	Bb4	4	865
89	87	669	669	2.0	3/2	3/2	4/2	1	1	1/2	1/2	1		3	69	A4	4	866
90	88	671	671	4.0	0	0	4/2	21	1	1	1	1		1	43	G2	2	875
90	88	671	671	4.0	0	0	4/2	1	1	1	1	1		1	67	G4	4	869
90	88	675	675	2.0	1	1	4/2	21	1	1/2	1/2	1		-2	46	Bb2	2	876
90	88	675	675	1.0	1	1	4/2	19	1	1/4	1/4	1		2	74	D5	5	870
90	88	676	676	0.5	5/4	5/4	4/2	19	1	1/8	1/8	1		0	72	C5	5	871
90	88	1353/2	1353/2	0.5	11/8	11/8	4/2	19	1	1/8	1/8	1		-2	70	Bb4	4	872
90	88	677	677	2.0	3/2	3/2	4/2	21	1	1/2	1/2	1		-1	53	F3	3	877
90	88	677	677	1.5	3/2	3/2	4/2	19	1	3/8	1/4	3/2		0	72	C5	5	873
90	88	1357/2	1357/2	0.5	15/8	15/8	4/2	19	1	1/8	1/8	1		3	69	A4	4	874
91	89	679	679	4.0	0	0	4/2	21	1	1	1	1		-2	46	Bb2	2	889
91	89	679	679	2.0	0	0	4/2	19	1	1/2	1/2	1		-2	70	Bb4	4	878
91	89	1363/2	1363/2	0.5	5/8	5/8	4/2	19	1	1/8	1/8	1		2	74	D5	5	879
91	89	682	682	0.5	3/4	3/4	4/2	19	1	1/8	1/8	1		2	74	D5	5	880
91	89	1365/2	1365/2	0.5	7/8	7/8	4/2	19	1	1/8	1/8	1		-2	70	Bb4	4	881
91	89	683	683	4.0	1	1	4/2	21	1	1	1	1		-1	53	F3	3	890
91	89	683	683	1.0	1	1	4/2	19	1	1/4	1/4	1		0	72	C5	5	882
91	89	684	684	0.5	5/4	5/4	4/2	19	1	1/8	1/8	1		3	69	A4	4	883
91	89	1369/2	1369/2	0.5	11/8	11/8	4/2	19	1	1/8	1/8	1		-2	70	Bb4	4	884
91	89	685	685	0.5	3/2	3/2	4/2	19	1	1/8	1/8	1		0	72	C5	5	885
91	89	1371/2	1371/2	0.5	13/8	13/8	4/2	19	1	1/8	1/8	1		3	69	A4	4	886
91	89	686	686	0.75	7/4	7/4	4/2	19	1	3/16	1/8	3/2		-2	70	Bb4	4	887
91	89	2747/4	2747/4	0.25	31/16	31/16	4/2	19	1	1/16	1/16	1		3	69	A4	4	888
92	90	687	687	2.0	0	0	4/2	21	1	1/2	1/2	1		0	48	C3	3	900
92	90	687	687	1.0	0	0	4/2	19	1	1/4	1/4	1		1	67	G4	4	891
92	90	688	688	1.0	1/4	1/4	4/2	19	1	1/4	1/4	1		1	67	G4	4	892
92	90	689	689	2.0	1/2	1/2	4/2	21	1	1/2	1/2	1		1	43	G2	2	901
92	90	689	689	1.0	1/2	1/2	4/2	19	1	1/4	1/4	1		-2	70	Bb4	4	893
92	90	690	690	0.5	3/4	3/4	4/2	19	1	1/8	1/8	1		-2	70	Bb4	4	894
92	90	1381/2	1381/2	0.5	7/8	7/8	4/2	19	1	1/8	1/8	1		0	72	C5	5	895
92	90	691	691	2.0	1	1	4/2	21	1	1/2	1/2	1		1	43	G2	2	902
92	90	691	691	1.0	1	1	4/2	19	1	1/4	1/4	1		2	74	D5	5	896
92	90	692	692	1.0	5/4	5/4	4/2	19	1	1/4	1/4	1		1	67	G4	4	897
92	90	693	693	1.0	3/2	3/2	4/2	21	1	1/4	1/4	1		2	50	D3	3	903
92	90	693	693	1.5	3/2	3/2	4/2	19	1	3/8	1/4	3/2		3	69	A4	4	898
92	90	694	694	1.0	7/4	7/4	4/2	21	1	1/4	1/4	1		3	45	A2	2	904
92	90	1389/2	1389/2	0.5	15/8	15/8	4/2	19	1	1/8	1/8	1		0	72	C5	5	899
93	91	695	695	1.0	0	0	4/2	21	1	1/4	1/4	1		-2	46	Bb2	2	910
93	91	695	695	1.5	0	0	4/2	19	1	3/8	1/4	3/2		-2	70	Bb4	4	906
93	91	696	696	1.0	1/4	1/4	4/2	21	1	1/4	1/4	1		-2	46	Bb2	2	911
93	91	1393/2	1393/2	0.5	3/8	3/8	4/2	19	1	1/8	1/8	1		3	69	A4	4	907
93	91	697	697	2.0	1/2	1/2	4/2	21	1	1/2	1/2	1		0	48	C3	3	912
93	91	697	697	2.0	1/2	1/2	4/2	19	1	1/2	1/2	1		1	67	G4	4	908
93	91	699	699	2.0	1	1	4/2	21	1	1/2	1/2	1		-1	41	F2	2	913
93	91	699	699	2.0	1	1	4/2	19	1	1/2	1/2	1		-1	65	F4	4	909
93	91	701	701	2.0	3/2	3/2	4/2	9	1	1/2	1/2	1		3	69	A4	4	905
94	92	703	703	2.0	0	0	4/2	9	1	1/2	1/2	1		2	74	D5	5	914
94	92	705	705	2.0	1/2	1/2	4/2	10	1	1/2	1/2	1		3	69	A4	4	919
94	92	705	705	2.0	1/2	1/2	4/2	9	1	1/2	1/2	1		0	72	C5	5	915
94	92	707	707	2.0	1	1	4/2	9	1	1/2	1/2	1		-2	70	Bb4	4	916
94	92	707	707	2.0	1	1	4/2	10	1	1/2	1/2	1		2	74	D5	5	920
94	92	709	709	1.0	3/2	3/2	4/2	9	1	1/4	1/4	1		3	69	A4	4	917
94	92	709	709	2.0	3/2	3/2	4/2	10	1	1/2	1/2	1		0	72	C5	5	921
94	92	710	710	1.0	7/4	7/4	4/2	12	1	1/4	1/4	1		-1	53	F3	3	922
94	92	710	710	1.0	7/4	7/4	4/2	9	1	1/4	1/4	1		3	69	A4	4	918
95	93	711	711	2.0	0	0	4/2	12	1	1/2	1/2	1		-2	58	Bb3	3	933
95	93	711	711	2.0	0	0	4/2	10	1	1/2	1/2	1		-2	70	Bb4	4	927
95	93	711	711	2.0	0	0	4/2	9	1	1/2	1/2	1		2	74	D5	5	923
95	93	713	713	2.0	1/2	1/2	4/2	12	1	1/2	1/2	1		-1	53	F3	3	934
95	93	713	713	1.0	1/2	1/2	4/2	10	1	1/4	1/4	1		3	69	A4	4	928
95	93	713	713	2.0	1/2	1/2	4/2	9	1	1/2	1/2	1		0	72	C5	5	924
95	93	714	714	1.0	3/4	3/4	4/2	10	1	1/4	1/4	1		3	69	A4	4	929
95	93	715	715	2.0	1	1	4/2	12	1	1/2	1/2	1		1	55	G3	3	935
95	93	715	715	2.0	1	1	4/2	10	1	1/2	1/2	1		1	67	G4	4	930
95	93	715	715	2.0	1	1	4/2	9	1	1/2	1/2	1		-2	70	Bb4	4	925
95	93	717	717	2.0	3/2	3/2	4/2	13	1	1/2	1/2	1		2	50	D3	3	937
95	93	717	717	2.0	3/2	3/2	4/2	11	1	1/2	1/2	1		2	62	D4	4	932
95	93	717	717	2.0	3/2	3/2	4/2	12	1	1/2	1/2	1		2	62	D4	4	936
95	93	717	717	2.0	3/2	3/2	4/2	10	1	1/2	1/2	1		6	66	F#4	4	931
95	93	717	717	2.0	3/2	3/2	4/2	9	1	1/2	1/2	1		3	69	A4	4	926
96	94	719	719	3.0	0	0	4/2	13	1	3/4	1/2	3/2		1	55	G3	3	967
96	94	719	719	0.5	0	0	4/2	12	1	1/8	1/8	1		2	62	D4	4	959
96	94	719	719	3.0	0	0	4/2	11	1	3/4	1/2	3/2		2	62	D4	4	954
96	94	719	719	0.5	0	0	4/2	10	1	1/8	1/8	1		1	67	G4	4	946
96	94	719	719	0.5	0	0	4/2	9	1	1/8	1/8	1		-2	70	Bb4	4	938
96	94	1439/2	1439/2	0.5	1/8	1/8	4/2	12	1	1/8	1/8	1		0	60	C4	4	960
96	94	1439/2	1439/2	0.5	1/8	1/8	4/2	10	1	1/8	1/8	1		6	66	F#4	4	947
96	94	1439/2	1439/2	0.5	1/8	1/8	4/2	9	1	1/8	1/8	1		3	69	A4	4	939
96	94	720	720	0.5	1/4	1/4	4/2	12	1	1/8	1/8	1		-2	58	Bb3	3	961
96	94	720	720	0.5	1/4	1/4	4/2	10	1	1/8	1/8	1		1	67	G4	4	948
96	94	720	720	0.5	1/4	1/4	4/2	9	1	1/8	1/8	1		-2	70	Bb4	4	940
96	94	1441/2	1441/2	0.5	3/8	3/8	4/2	12	1	1/8	1/8	1		3	57	A3	3	962
96	94	1441/2	1441/2	0.5	3/8	3/8	4/2	10	1	1/8	1/8	1		3	69	A4	4	949
96	94	1441/2	1441/2	0.5	3/8	3/8	4/2	9	1	1/8	1/8	1		0	72	C5	5	941
96	94	721	721	1.0	1/2	1/2	4/2	12	1	1/4	1/4	1		1	55	G3	3	963
96	94	721	721	1.0	1/2	1/2	4/2	10	1	1/4	1/4	1		-2	70	Bb4	4	950
96	94	721	721	1.0	1/2	1/2	4/2	9	1	1/4	1/4	1		2	74	D5	5	942
96	94	722	722	1.0	3/4	3/4	4/2	13	1	1/4	1/4	1		2	50	D3	3	968
96	94	722	722	1.0	3/4	3/4	4/2	12	1	1/4	1/4	1		-1	53	F3	3	964
96	94	722	722	1.0	3/4	3/4	4/2	11	1	1/4	1/4	1		-1	65	F4	4	955
96	94	722	722	1.0	3/4	3/4	4/2	9	1	1/4	1/4	1		-2	70	Bb4	4	943
96	94	722	722	1.0	3/4	3/4	4/2	10	1	1/4	1/4	1		2	74	D5	5	951
96	94	723	723	0.5	1	1	4/2	13	1	1/8	1/8	1		-1	53	F3	3	969
96	94	723	723	2.0	1	1	4/2	12	1	1/2	1/2	1		3	57	A3	3	965
96	94	723	723	2.0	1	1	4/2	11	1	1/2	1/2	1		-1	65	F4	4	956
96	94	723	723	2.0	1	1	4/2	9	1	1/2	1/2	1		3	69	A4	4	944
96	94	723	723	2.0	1	1	4/2	10	1	1/2	1/2	1		0	72	C5	5	952
96	94	1447/2	1447/2	0.5	9/8	9/8	4/2	13	1	1/8	1/8	1		1	55	G3	3	970
96	94	724	724	0.5	5/4	5/4	4/2	13	1	1/8	1/8	1		3	57	A3	3	971
96	94	1449/2	1449/2	0.5	11/8	11/8	4/2	13	1	1/8	1/8	1		-1	53	F3	3	972
96	94	725	725	1.0	3/2	3/2	4/2	13	1	1/4	1/4	1		1	55	G3	3	973
96	94	725	725	2.0	3/2	3/2	4/2	12	1	1/2	1/2	1		-2	58	Bb3	3	966
96	94	725	725	1.0	3/2	3/2	4/2	11	1	1/4	1/4	1		2	62	D4	4	957
96	94	725	725	2.0	3/2	3/2	4/2	9	1	1/2	1/2	1		1	67	G4	4	945
96	94	725	725	2.0	3/2	3/2	4/2	10	1	1/2	1/2	1		-2	70	Bb4	4	953
96	94	726	726	1.0	7/4	7/4	4/2	13	1	1/4	1/4	1		1	43	G2	2	974
96	94	726	726	1.0	7/4	7/4	4/2	11	1	1/4	1/4	1	1	2	62	D4	4	958
97	95	727	727	4.0	0	0	4/2	13	1	1	1	1		2	50	D3	3	987
97	95	727	727	1.0	0	0	4/2	11	1	1/4	1/4	1	-1	2	62	D4	4	980
97	95	727	727	4.0	0	0	4/2	12	1	1	1	1		2	62	D4	4	985
97	95	727	727	2.0	0	0	4/2	9	1	1/2	1/2	1		1	67	G4	4	975
97	95	727	727	4.0	0	0	4/2	10	1	1	1	1		3	69	A4	4	978
97	95	728	728	0.5	1/4	1/4	4/2	11	1	1/8	1/8	1		0	60	C4	4	981
97	95	1457/2	1457/2	0.5	3/8	3/8	4/2	11	1	1/8	1/8	1		-2	58	Bb3	3	982
97	95	729	729	2.0	1/2	1/2	4/2	11	1	1/2	1/2	1		3	57	A3	3	983
97	95	729	729	2.0	1/2	1/2	4/2	9	1	1/2	1/2	1		6	66	F#4	4	976
97	95	731	731	4.0	1	1	4/2	13	1	1	1	1		1	43	G2	2	988
97	95	731	731	4.0	1	1	4/2	11	1	1	1	1		5	59	B3	3	984
97	95	731	731	4.0	1	1	4/2	12	1	1	1	1		2	62	D4	4	986
97	95	731	731	4.0	1	1	4/2	9	1	1	1	1		1	67	G4	4	977
97	95	731	731	4.0	1	1	4/2	10	1	1	1	1		1	67	G4	4	979
98	96	735	735	1.5	0	0	6/2	12	1	3/8	1/4	3/2		2	50	D3	3	1022
98	96	735	735	1.5	0	0	6/2	11	1	3/8	1/4	3/2		2	62	D4	4	1011
98	96	735	735	1.5	0	0	6/2	10	1	3/8	1/4	3/2		-1	65	F4	4	1000
98	96	735	735	1.5	0	0	6/2	9	1	3/8	1/4	3/2		3	69	A4	4	989
98	96	1473/2	1473/2	0.5	3/8	3/8	6/2	12	1	1/8	1/8	1		2	50	D3	3	1023
98	96	1473/2	1473/2	0.5	3/8	3/8	6/2	11	1	1/8	1/8	1		2	62	D4	4	1012
98	96	1473/2	1473/2	0.5	3/8	3/8	6/2	10	1	1/8	1/8	1		-1	65	F4	4	1001
98	96	1473/2	1473/2	0.5	3/8	3/8	6/2	9	1	1/8	1/8	1		3	69	A4	4	990
98	96	737	737	1.0	1/2	1/2	6/2	12	1	1/4	1/4	1		2	50	D3	3	1024
98	96	737	737	1.0	1/2	1/2	6/2	11	1	1/4	1/4	1		2	62	D4	4	1013
98	96	737	737	1.0	1/2	1/2	6/2	10	1	1/4	1/4	1		-1	65	F4	4	1002
98	96	737	737	1.0	1/2	1/2	6/2	9	1	1/4	1/4	1		3	69	A4	4	991
98	96	738	738	2.0	3/4	3/4	6/2	12	1	1/2	1/2	1		1	55	G3	3	1025
98	96	738	738	2.0	3/4	3/4	6/2	11	1	1/2	1/2	1		2	62	D4	4	1014
98	96	738	738	2.0	3/4	3/4	6/2	10	1	1/2	1/2	1		1	67	G4	4	1003
98	96	738	738	2.0	3/4	3/4	6/2	9	1	1/2	1/2	1		-2	70	Bb4	4	992
98	96	740	740	1.0	5/4	5/4	6/2	12	1	1/4	1/4	1		-1	53	F3	3	1026
98	96	740	740	1.0	5/4	5/4	6/2	11	1	1/4	1/4	1		-1	65	F4	4	1015
98	96	740	740	1.0	5/4	5/4	6/2	10	1	1/4	1/4	1		3	69	A4	4	1004
98	96	740	740	1.0	5/4	5/4	6/2	9	1	1/4	1/4	1		0	72	C5	5	993
98	96	741	741	2.0	3/2	3/2	6/2	12	1	1/2	1/2	1		-2	58	Bb3	3	1027
98	96	741	741	2.0	3/2	3/2	6/2	11	1	1/2	1/2	1		-1	65	F4	4	1016
98	96	741	741	2.0	3/2	3/2	6/2	10	1	1/2	1/2	1		-2	70	Bb4	4	1005
98	96	741	741	2.0	3/2	3/2	6/2	9	1	1/2	1/2	1		2	74	D5	5	994
98	96	743	743	1.0	2	2	6/2	12	1	1/4	1/4	1		-2	58	Bb3	3	1028
98	96	743	743	1.0	2	2	6/2	11	1	1/4	1/4	1		-1	65	F4	4	1017
98	96	743	743	1.0	2	2	6/2	10	1	1/4	1/4	1		-2	70	Bb4	4	1006
98	96	743	743	1.0	2	2	6/2	9	1	1/4	1/4	1		2	74	D5	5	995
98	96	744	744	1.0	9/4	9/4	6/2	13	1	1/4	1/4	1	1	-2	46	Bb2	2	1033
98	96	744	744	1.0	9/4	9/4	6/2	12	1	1/4	1/4	1	1	-2	58	Bb3	3	1029
98	96	744	744	1.0	9/4	9/4	6/2	11	1	1/4	1/4	1	1	-1	65	F4	4	1018
98	96	744	744	1.0	9/4	9/4	6/2	10	1	1/4	1/4	1	1	-2	70	Bb4	4	1007
98	96	744	744	1.0	9/4	9/4	6/2	9	1	1/4	1/4	1	1	2	74	D5	5	996
98	96	745	745	0.5	5/2	5/2	6/2	13	1	1/8	1/8	1	-1	-2	46	Bb2	2	1034
98	96	745	745	0.5	5/2	5/2	6/2	12	1	1/8	1/8	1	-1	-2	58	Bb3	3	1030
98	96	745	745	0.5	5/2	5/2	6/2	11	1	1/8	1/8	1	-1	-1	65	F4	4	1019
98	96	745	745	0.5	5/2	5/2	6/2	10	1	1/8	1/8	1	-1	-2	70	Bb4	4	1008
98	96	745	745	0.5	5/2	5/2	6/2	9	1	1/8	1/8	1	-1	2	74	D5	5	997
98	96	1491/2	1491/2	0.5	21/8	21/8	6/2	13	1	1/8	1/8	1		-2	46	Bb2	2	1035
98	96	1491/2	1491/2	0.5	21/8	21/8	6/2	12	1	1/8	1/8	1		-2	58	Bb3	3	1031
98	96	1491/2	1491/2	0.5	21/8	21/8	6/2	11	1	1/8	1/8	1		-1	65	F4	4	1020
98	96	1491/2	1491/2	0.5	21/8	21/8	6/2	10	1	1/8	1/8	1		-2	70	Bb4	4	1009
98	96	1491/2	1491/2	0.5	21/8	21/8	6/2	9	1	1/8	1/8	1		2	74	D5	5	998
98	96	746	746	1.0	11/4	11/4	6/2	13	1	1/4	1/4	1		-2	46	Bb2	2	1036
98	96	746	746	1.0	11/4	11/4	6/2	12	1	1/4	1/4	1		-2	58	Bb3	3	1032
98	96	746	746	1.0	11/4	11/4	6/2	11	1	1/4	1/4	1		-1	65	F4	4	1021
98	96	746	746	1.0	11/4	11/4	6/2	10	1	1/4	1/4	1		-2	70	Bb4	4	1010
98	96	746	746	1.0	11/4	11/4	6/2	9	1	1/4	1/4	1		2	74	D5	5	999
99	97	747	747	2.0	0	0	6/2	13	1	1/2	1/2	1		-3	51	Eb3	3	1071
99	97	747	747	2.0	0	0	6/2	12	1	1/2	1/2	1		0	60	C4	4	1062
99	97	747	747	2.0	0	0	6/2	11	1	1/2	1/2	1		1	67	G4	4	1054
99	97	747	747	2.0	0	0	6/2	10	1	1/2	1/2	1		-2	70	Bb4	4	1045
99	97	747	747	2.0	0	0	6/2	9	1	1/2	1/2	1		-3	75	Eb5	5	1037
99	97	749	749	1.0	1/2	1/2	6/2	13	1	1/4	1/4	1		-1	53	F3	3	1072
99	97	749	749	1.0	1/2	1/2	6/2	12	1	1/4	1/4	1		0	60	C4	4	1063
99	97	749	749	1.0	1/2	1/2	6/2	11	1	1/4	1/4	1		-1	65	F4	4	1055
99	97	749	749	1.0	1/2	1/2	6/2	10	1	1/4	1/4	1		3	69	A4	4	1046
99	97	749	749	1.0	1/2	1/2	6/2	9	1	1/4	1/4	1		0	72	C5	5	1038
99	97	750	750	2.0	3/4	3/4	6/2	13	1	1/2	1/2	1		-2	46	Bb2	2	1073
99	97	750	750	2.0	3/4	3/4	6/2	12	1	1/2	1/2	1		-2	58	Bb3	3	1064
99	97	750	750	2.0	3/4	3/4	6/2	11	1	1/2	1/2	1		-1	65	F4	4	1056
99	97	750	750	2.0	3/4	3/4	6/2	10	1	1/2	1/2	1		-2	70	Bb4	4	1047
99	97	750	750	2.0	3/4	3/4	6/2	9	1	1/2	1/2	1		2	74	D5	5	1039
99	97	752	752	1.0	5/4	5/4	6/2	13	1	1/4	1/4	1		-2	46	Bb2	2	1074
99	97	752	752	1.0	5/4	5/4	6/2	12	1	1/4	1/4	1		-2	58	Bb3	3	1065
99	97	752	752	1.0	5/4	5/4	6/2	11	1	1/4	1/4	1		-1	65	F4	4	1057
99	97	752	752	1.0	5/4	5/4	6/2	10	1	1/4	1/4	1		-2	70	Bb4	4	1048
99	97	752	752	1.0	5/4	5/4	6/2	9	1	1/4	1/4	1		2	74	D5	5	1040
99	97	753	753	1.5	3/2	3/2	6/2	13	1	3/8	1/4	3/2		-1	53	F3	3	1075
99	97	753	753	1.5	3/2	3/2	6/2	12	1	3/8	1/4	3/2		3	57	A3	3	1066
99	97	753	753	1.5	3/2	3/2	6/2	11	1	3/8	1/4	3/2		-1	65	F4	4	1058
99	97	753	753	1.5	3/2	3/2	6/2	10	1	3/8	1/4	3/2		0	72	C5	5	1049
99	97	1509/2	1509/2	0.5	15/8	15/8	6/2	13	1	1/8	1/8	1		-1	53	F3	3	1076
99	97	1509/2	1509/2	0.5	15/8	15/8	6/2	12	1	1/8	1/8	1		3	57	A3	3	1067
99	97	1509/2	1509/2	0.5	15/8	15/8	6/2	11	1	1/8	1/8	1		-1	65	F4	4	1059
99	97	1509/2	1509/2	0.5	15/8	15/8	6/2	10	1	1/8	1/8	1		0	72	C5	5	1050
99	97	755	755	1.0	2	2	6/2	13	1	1/4	1/4	1		-2	46	Bb2	2	1077
99	97	755	755	1.0	2	2	6/2	12	1	1/4	1/4	1		2	62	D4	4	1068
99	97	755	755	1.0	2	2	6/2	11	1	1/4	1/4	1		-1	65	F4	4	1060
99	97	755	755	1.0	2	2	6/2	10	1	1/4	1/4	1		-2	70	Bb4	4	1051
99	97	756	756	2.0	9/4	9/4	6/2	13	1	1/2	1/2	1		-1	53	F3	3	1078
99	97	756	756	2.0	9/4	9/4	6/2	12	1	1/2	1/2	1		0	60	C4	4	1069
99	97	756	756	3.0	9/4	9/4	6/2	11	1	3/4	1/2	3/2		-1	65	F4	4	1061
99	97	756	756	2.0	9/4	9/4	6/2	10	1	1/2	1/2	1		3	69	A4	4	1052
99	97	756	756	1.0	9/4	9/4	6/2	9	1	1/4	1/4	1	1	0	72	C5	5	1041
99	97	757	757	0.5	5/2	5/2	6/2	9	1	1/8	1/8	1	-1	0	72	C5	5	1042
99	97	1515/2	1515/2	0.5	21/8	21/8	6/2	9	1	1/8	1/8	1		0	72	C5	5	1043
99	97	758	758	1.0	11/4	11/4	6/2	13	1	1/4	1/4	1		-1	53	F3	3	1079
99	97	758	758	1.0	11/4	11/4	6/2	12	1	1/4	1/4	1		0	60	C4	4	1070
99	97	758	758	1.0	11/4	11/4	6/2	9	1	1/4	1/4	1		-1	65	F4	4	1044
99	97	758	758	1.0	11/4	11/4	6/2	10	1	1/4	1/4	1		3	69	A4	4	1053
100	98	759	759	1.5	0	0	6/2	12	1	3/8	1/4	3/2		-2	58	Bb3	3	1120
100	98	759	759	3.0	0	0	6/2	11	1	3/4	1/2	3/2		2	62	D4	4	1111
100	98	759	759	2.0	0	0	6/2	9	1	1/2	1/2	1		-1	65	F4	4	1080
100	98	759	759	1.5	0	0	6/2	10	1	3/8	1/4	3/2		2	74	D5	5	1094
100	98	1521/2	1521/2	0.5	3/8	3/8	6/2	12	1	1/8	1/8	1		3	57	A3	3	1121
100	98	1521/2	1521/2	0.5	3/8	3/8	6/2	10	1	1/8	1/8	1		0	72	C5	5	1095
100	98	761	761	1.0	1/2	1/2	6/2	12	1	1/4	1/4	1		1	55	G3	3	1122
100	98	761	761	1.0	1/2	1/2	6/2	9	1	1/4	1/4	1		1	67	G4	4	1081
100	98	761	761	1.0	1/2	1/2	6/2	10	1	1/4	1/4	1		-2	70	Bb4	4	1096
100	98	762	762	1.0	3/4	3/4	6/2	13	1	1/4	1/4	1	1	2	50	D3	3	1128
100	98	762	762	2.0	3/4	3/4	6/2	12	1	1/2	1/2	1		6	54	F#3	3	1123
100	98	762	762	0.5	3/4	3/4	6/2	10	1	1/8	1/8	1		3	69	A4	4	1097
100	98	762	762	1.0	3/4	3/4	6/2	11	1	1/4	1/4	1	1	3	69	A4	4	1112
100	98	762	762	1.0	3/4	3/4	6/2	9	1	1/4	1/4	1	1	2	74	D5	5	1082
100	98	1525/2	1525/2	0.5	7/8	7/8	6/2	10	1	1/8	1/8	1		1	67	G4	4	1098
100	98	763	763	0.5	1	1	6/2	13	1	1/8	1/8	1	-1	2	50	D3	3	1129
100	98	763	763	0.5	1	1	6/2	10	1	1/8	1/8	1		6	66	F#4	4	1099
100	98	763	763	0.5	1	1	6/2	11	1	1/8	1/8	1	-1	3	69	A4	4	1113
100	98	763	763	0.5	1	1	6/2	9	1	1/8	1/8	1	-1	2	74	D5	5	1083
100	98	1527/2	1527/2	0.5	9/8	9/8	6/2	13	1	1/8	1/8	1		2	50	D3	3	1130
100	98	1527/2	1527/2	0.5	9/8	9/8	6/2	10	1	1/8	1/8	1		4	64	E4	4	1100
100	98	1527/2	1527/2	0.5	9/8	9/8	6/2	11	1	1/8	1/8	1		3	69	A4	4	1114
100	98	1527/2	1527/2	0.5	9/8	9/8	6/2	9	1	1/8	1/8	1		0	72	C5	5	1084
100	98	764	764	1.0	5/4	5/4	6/2	13	1	1/4	1/4	1		1	43	G2	2	1131
100	98	764	764	1.0	5/4	5/4	6/2	12	1	1/4	1/4	1		1	55	G3	3	1124
100	98	764	764	0.5	5/4	5/4	6/2	10	1	1/8	1/8	1		2	62	D4	4	1101
100	98	764	764	1.0	5/4	5/4	6/2	11	1	1/4	1/4	1		1	67	G4	4	1115
100	98	764	764	1.0	5/4	5/4	6/2	9	1	1/4	1/4	1		-2	70	Bb4	4	1085
100	98	1529/2	1529/2	0.5	11/8	11/8	6/2	10	1	1/8	1/8	1		4	64	E4	4	1102
100	98	765	765	3.0	3/2	3/2	6/2	13	1	3/4	1/2	3/2		2	50	D3	3	1132
100	98	765	765	3.0	3/2	3/2	6/2	11	1	3/4	1/2	3/2		2	62	D4	4	1116
100	98	765	765	0.5	3/2	3/2	6/2	10	1	1/8	1/8	1		6	66	F#4	4	1103
100	98	765	765	0.5	3/2	3/2	6/2	9	1	1/8	1/8	1		3	69	A4	4	1086
100	98	1531/2	1531/2	0.5	13/8	13/8	6/2	10	1	1/8	1/8	1		4	64	E4	4	1104
100	98	1531/2	1531/2	0.5	13/8	13/8	6/2	9	1	1/8	1/8	1		1	67	G4	4	1087
100	98	766	766	0.5	7/4	7/4	6/2	10	1	1/8	1/8	1		6	66	F#4	4	1105
100	98	766	766	0.5	7/4	7/4	6/2	9	1	1/8	1/8	1		3	69	A4	4	1088
100	98	1533/2	1533/2	0.5	15/8	15/8	6/2	10	1	1/8	1/8	1		1	67	G4	4	1106
100	98	1533/2	1533/2	0.5	15/8	15/8	6/2	9	1	1/8	1/8	1		-2	70	Bb4	4	1089
100	98	767	767	1.0	2	2	6/2	10	1	1/4	1/4	1		6	66	F#4	4	1107
100	98	767	767	1.0	2	2	6/2	9	1	1/4	1/4	1		3	69	A4	4	1090
100	98	768	768	1.0	9/4	9/4	6/2	12	1	1/4	1/4	1		1	55	G3	3	1125
100	98	768	768	1.0	9/4	9/4	6/2	13	1	1/4	1/4	1		1	55	G3	3	1133
100	98	768	768	1.0	9/4	9/4	6/2	11	1	1/4	1/4	1		2	62	D4	4	1117
100	98	768	768	1.0	9/4	9/4	6/2	10	1	1/4	1/4	1		1	67	G4	4	1108
100	98	768	768	1.0	9/4	9/4	6/2	9	1	1/4	1/4	1		-2	70	Bb4	4	1091
100	98	769	769	1.0	5/2	5/2	6/2	12	1	1/4	1/4	1		2	50	D3	3	1126
100	98	769	769	1.0	5/2	5/2	6/2	13	1	1/4	1/4	1		6	54	F#3	3	1134
100	98	769	769	1.0	5/2	5/2	6/2	11	1	1/4	1/4	1		2	62	D4	4	1118
100	98	769	769	1.0	5/2	5/2	6/2	10	1	1/4	1/4	1		3	69	A4	4	1109
100	98	769	769	1.0	5/2	5/2	6/2	9	1	1/4	1/4	1		2	74	D5	5	1092
100	98	770	770	1.0	11/4	11/4	6/2	13	1	1/4	1/4	1		1	55	G3	3	1135
100	98	770	770	1.0	11/4	11/4	6/2	11	1	1/4	1/4	1		2	62	D4	4	1119
100	98	770	770	1.0	11/4	11/4	6/2	12	1	1/4	1/4	1		2	62	D4	4	1127
100	98	770	770	1.0	11/4	11/4	6/2	10	1	1/4	1/4	1		1	67	G4	4	1110
100	98	770	770	1.0	11/4	11/4	6/2	9	1	1/4	1/4	1		5	71	B4	4	1093
101	99	771	771	3.0	0	0	6/2	13	1	3/4	1/2	3/2		0	48	C3	3	1162
101	99	771	771	1.0	0	0	6/2	12	1	1/4	1/4	1		0	60	C4	4	1155
101	99	771	771	0.5	0	0	6/2	10	1	1/8	1/8	1		4	64	E4	4	1140
101	99	771	771	1.5	0	0	6/2	11	1	3/8	1/4	3/2		1	67	G4	4	1149
101	99	771	771	3.0	0	0	6/2	9	1	3/4	1/2	3/2		0	72	C5	5	1136
101	99	1543/2	1543/2	0.5	1/8	1/8	6/2	10	1	1/8	1/8	1		2	62	D4	4	1141
101	99	772	772	0.5	1/4	1/4	6/2	12	1	1/8	1/8	1		-2	58	Bb3	3	1156
101	99	772	772	0.5	1/4	1/4	6/2	10	1	1/8	1/8	1		4	64	E4	4	1142
101	99	1545/2	1545/2	0.5	3/8	3/8	6/2	12	1	1/8	1/8	1		3	57	A3	3	1157
101	99	1545/2	1545/2	0.5	3/8	3/8	6/2	10	1	1/8	1/8	1		-1	65	F4	4	1143
101	99	1545/2	1545/2	0.5	3/8	3/8	6/2	11	1	1/8	1/8	1		-1	65	F4	4	1150
101	99	773	773	1.0	1/2	1/2	6/2	12	1	1/4	1/4	1		1	55	G3	3	1158
101	99	773	773	1.0	1/2	1/2	6/2	11	1	1/4	1/4	1		4	64	E4	4	1151
101	99	773	773	1.0	1/2	1/2	6/2	10	1	1/4	1/4	1		1	67	G4	4	1144
101	99	774	774	1.0	3/4	3/4	6/2	13	1	1/4	1/4	1		1	43	G2	2	1163
101	99	774	774	1.0	3/4	3/4	6/2	12	1	1/4	1/4	1		1	55	G3	3	1159
101	99	774	774	1.0	3/4	3/4	6/2	11	1	1/4	1/4	1		2	62	D4	4	1152
101	99	774	774	1.0	3/4	3/4	6/2	10	1	1/4	1/4	1		1	67	G4	4	1145
101	99	774	774	1.0	3/4	3/4	6/2	9	1	1/4	1/4	1		-2	70	Bb4	4	1137
101	99	775	775	4.0	1	1	6/2	13	1	1	1	1		2	50	D3	3	1164
101	99	775	775	4.0	1	1	6/2	12	1	1	1	1		3	57	A3	3	1160
101	99	775	775	4.0	1	1	6/2	11	1	1	1	1		2	62	D4	4	1153
101	99	775	775	2.0	1	1	6/2	10	1	1/2	1/2	1		1	67	G4	4	1146
101	99	775	775	4.0	1	1	6/2	9	1	1	1	1		3	69	A4	4	1138
101	99	777	777	2.0	3/2	3/2	6/2	10	1	1/2	1/2	1		6	66	F#4	4	1147
101	99	779	779	4.0	2	2	6/2	13	1	1	1	1		1	43	G2	2	1165
101	99	779	779	4.0	2	2	6/2	12	1	1	1	1		5	59	B3	3	1161
101	99	779	779	4.0	2	2	6/2	11	1	1	1	1		2	62	D4	4	1154
101	99	779	779	4.0	2	2	6/2	9	1	1	1	1		1	67	G4	4	1139
101	99	779	779	4.0	2	2	6/2	10	1	1	1	1		1	67	G4	4	1148
102	100	783	783	8.0	0	0	4/2	21	1	2	2	1		2	50	D3	3	1171
102	100	783	783	2.0	0	0	4/2	7	1	1/2	1/2	1		3	69	A4	4	1166
102	100	785	785	1.5	1/2	1/2	4/2	7	1	3/8	1/4	3/2		3	69	A4	4	1167
102	100	1573/2	1573/2	0.5	7/8	7/8	4/2	7	1	1/8	1/8	1		3	69	A4	4	1168
102	100	787	787	2.0	1	1	4/2	7	1	1/2	1/2	1		3	69	A4	4	1169
102	100	789	789	2.0	3/2	3/2	4/2	7	1	1/2	1/2	1		3	69	A4	4	1170
103	101	791	791	3.0	0	0	4/2	21	1	3/4	1/2	3/2		2	50	D3	3	1178
103	101	792	792	1.0	1/4	1/4	4/2	7	1	1/4	1/4	1		2	74	D5	5	1172
103	101	793	793	1.5	1/2	1/2	4/2	7	1	3/8	1/4	3/2		2	74	D5	5	1173
103	101	794	794	1.0	3/4	3/4	4/2	21	1	1/4	1/4	1		2	50	D3	3	1179
103	101	1589/2	1589/2	0.5	7/8	7/8	4/2	7	1	1/8	1/8	1		3	69	A4	4	1174
103	101	795	795	1.0	1	1	4/2	21	1	1/4	1/4	1		1	55	G3	3	1180
103	101	795	795	1.0	1	1	4/2	7	1	1/4	1/4	1		-2	70	Bb4	4	1175
103	101	796	796	1.0	5/4	5/4	4/2	21	1	1/4	1/4	1		-1	53	F3	3	1181
103	101	796	796	1.0	5/4	5/4	4/2	7	1	1/4	1/4	1		0	72	C5	5	1176
103	101	797	797	2.0	3/2	3/2	4/2	21	1	1/2	1/2	1		-2	46	Bb2	2	1182
103	101	797	797	2.0	3/2	3/2	4/2	7	1	1/2	1/2	1		2	74	D5	5	1177
104	102	799	799	4.0	0	0	4/2	21	1	1	1	1		-1	53	F3	3	1189
104	102	799	799	4.0	0	0	4/2	7	1	1	1	1		0	72	C5	5	1183
104	102	803	803	2.0	1	1	4/2	21	1	1/2	1/2	1		-1	53	F3	3	1190
104	102	803	803	1.0	1	1	4/2	7	1	1/4	1/4	1		0	72	C5	5	1184
104	102	804	804	0.5	5/4	5/4	4/2	7	1	1/8	1/8	1		3	69	A4	4	1185
104	102	1609/2	1609/2	0.5	11/8	11/8	4/2	7	1	1/8	1/8	1		3	69	A4	4	1186
104	102	805	805	1.0	3/2	3/2	4/2	21	1	1/4	1/4	1		-2	46	Bb2	2	1191
104	102	805	805	1.0	3/2	3/2	4/2	7	1	1/4	1/4	1		-2	70	Bb4	4	1187
104	102	806	806	1.0	7/4	7/4	4/2	21	1	1/4	1/4	1		0	48	C3	3	1192
104	102	806	806	1.0	7/4	7/4	4/2	7	1	1/4	1/4	1		1	67	G4	4	1188
105	103	807	807	2.0	0	0	4/2	21	1	1/2	1/2	1		-1	41	F2	2	1200
105	103	807	807	2.0	0	0	4/2	7	1	1/2	1/2	1		3	69	A4	4	1193
105	103	809	809	2.0	1/2	1/2	4/2	21	1	1/2	1/2	1		-1	41	F2	2	1201
105	103	809	809	2.0	1/2	1/2	4/2	7	1	1/2	1/2	1		3	69	A4	4	1194
105	103	811	811	1.0	1	1	4/2	21	1	1/4	1/4	1		-2	46	Bb2	2	1202
105	103	811	811	1.0	1	1	4/2	7	1	1/4	1/4	1		-2	70	Bb4	4	1195
105	103	812	812	0.5	5/4	5/4	4/2	21	1	1/8	1/8	1		3	45	A2	2	1203
105	103	812	812	0.5	5/4	5/4	4/2	7	1	1/8	1/8	1		-1	65	F4	4	1196
105	103	1625/2	1625/2	0.5	11/8	11/8	4/2	21	1	1/8	1/8	1		3	45	A2	2	1204
105	103	1625/2	1625/2	0.5	11/8	11/8	4/2	7	1	1/8	1/8	1		-1	65	F4	4	1197
105	103	813	813	1.0	3/2	3/2	4/2	21	1	1/4	1/4	1		-2	46	Bb2	2	1205
105	103	813	813	1.0	3/2	3/2	4/2	7	1	1/4	1/4	1		1	67	G4	4	1198
105	103	814	814	1.0	7/4	7/4	4/2	21	1	1/4	1/4	1		0	48	C3	3	1206
105	103	814	814	1.0	7/4	7/4	4/2	7	1	1/4	1/4	1		1	67	G4	4	1199
106	104	815	815	2.0	0	0	4/2	21	1	1/2	1/2	1		-1	41	F2	2	1212
106	104	815	815	2.0	0	0	4/2	7	1	1/2	1/2	1		3	69	A4	4	1207
106	104	817	817	2.0	1/2	1/2	4/2	21	1	1/2	1/2	1		-1	41	F2	2	1213
106	104	817	817	1.0	1/2	1/2	4/2	7	1	1/4	1/4	1		3	69	A4	4	1208
106	104	818	818	1.0	3/4	3/4	4/2	7	1	1/4	1/4	1		0	72	C5	5	1209
106	104	819	819	2.0	1	1	4/2	21	1	1/2	1/2	1		-2	46	Bb2	2	1214
106	104	819	819	3.0	1	1	4/2	7	1	3/4	1/2	3/2		2	74	D5	5	1210
106	104	821	821	2.0	3/2	3/2	4/2	21	1	1/2	1/2	1		2	50	D3	3	1215
106	104	822	822	1.0	7/4	7/4	4/2	7	1	1/4	1/4	1		3	69	A4	4	1211
107	105	823	823	4.0	0	0	4/2	21	1	1	1	1		0	48	C3	3	1224
107	105	823	823	1.5	0	0	4/2	7	1	3/8	1/4	3/2		0	72	C5	5	1216
107	105	1649/2	1649/2	0.5	3/8	3/8	4/2	7	1	1/8	1/8	1		1	67	G4	4	1217
107	105	825	825	0.5	1/2	1/2	4/2	7	1	1/8	1/8	1		1	67	G4	4	1218
107	105	1651/2	1651/2	0.5	5/8	5/8	4/2	7	1	1/8	1/8	1		1	67	G4	4	1219
107	105	826	826	1.0	3/4	3/4	4/2	7	1	1/4	1/4	1	1	3	69	A4	4	1220
107	105	827	827	2.0	1	1	4/2	21	1	1/2	1/2	1		3	45	A2	2	1225
107	105	827	827	1.0	1	1	4/2	7	1	1/4	1/4	1	-1	3	69	A4	4	1221
107	105	828	828	1.0	5/4	5/4	4/2	7	1	1/4	1/4	1		-1	65	F4	4	1222
107	105	829	829	2.0	3/2	3/2	4/2	21	1	1/2	1/2	1		0	48	C3	3	1226
107	105	829	829	2.0	3/2	3/2	4/2	7	1	1/2	1/2	1		1	67	G4	4	1223
108	106	831	831	2.0	0	0	4/2	21	1	1/2	1/2	1		-1	41	F2	2	1234
108	106	831	831	2.0	0	0	4/2	7	1	1/2	1/2	1		-1	65	F4	4	1227
108	106	833	833	2.0	1/2	1/2	4/2	7	1	1/2	1/2	1		3	69	A4	4	1228
108	106	835	835	4.0	1	1	4/2	21	1	1	1	1		2	50	D3	3	1235
108	106	836	836	0.5	5/4	5/4	4/2	14	1	1/8	1/8	1		3	57	A3	3	1229
108	106	1673/2	1673/2	0.5	11/8	11/8	4/2	14	1	1/8	1/8	1		3	57	A3	3	1230
108	106	837	837	1.0	3/2	3/2	4/2	14	1	1/4	1/4	1		3	57	A3	3	1231
108	106	838	838	0.5	7/4	7/4	4/2	14	1	1/8	1/8	1		3	57	A3	3	1232
108	106	1677/2	1677/2	0.5	15/8	15/8	4/2	14	1	1/8	1/8	1		3	57	A3	3	1233
109	107	839	839	3.0	0	0	4/2	21	1	3/4	1/2	3/2		2	50	D3	3	1241
109	107	839	839	3.0	0	0	4/2	14	1	3/4	1/2	3/2		3	57	A3	3	1236
109	107	842	842	1.0	3/4	3/4	4/2	21	1	1/4	1/4	1		2	50	D3	3	1242
109	107	842	842	1.0	3/4	3/4	4/2	14	1	1/4	1/4	1		3	57	A3	3	1237
109	107	843	843	1.0	1	1	4/2	21	1	1/4	1/4	1		1	55	G3	3	1243
109	107	843	843	1.0	1	1	4/2	14	1	1/4	1/4	1		-2	58	Bb3	3	1238
109	107	844	844	1.0	5/4	5/4	4/2	21	1	1/4	1/4	1		-1	53	F3	3	1244
109	107	844	844	1.0	5/4	5/4	4/2	14	1	1/4	1/4	1		0	60	C4	4	1239
109	107	845	845	2.0	3/2	3/2	4/2	21	1	1/2	1/2	1		-2	46	Bb2	2	1245
109	107	845	845	2.0	3/2	3/2	4/2	14	1	1/2	1/2	1		2	62	D4	4	1240
110	108	847	847	4.0	0	0	4/2	21	1	1	1	1		-1	53	F3	3	1252
110	108	847	847	4.0	0	0	4/2	14	1	1	1	1		0	60	C4	4	1246
110	108	851	851	2.0	1	1	4/2	21	1	1/2	1/2	1		-1	53	F3	3	1253
110	108	851	851	1.5	1	1	4/2	14	1	3/8	1/4	3/2		0	60	C4	4	1247
110	108	1705/2	1705/2	0.5	11/8	11/8	4/2	14	1	1/8	1/8	1		1	55	G3	3	1248
110	108	853	853	1.0	3/2	3/2	4/2	21	1	1/4	1/4	1		-2	46	Bb2	2	1254
110	108	853	853	1.0	3/2	3/2	4/2	14	1	1/4	1/4	1		-2	58	Bb3	3	1249
110	108	854	854	1.0	7/4	7/4	4/2	21	1	1/4	1/4	1		0	48	C3	3	1255
110	108	854	854	0.5	7/4	7/4	4/2	14	1	1/8	1/8	1		1	55	G3	3	1250
110	108	1709/2	1709/2	0.5	15/8	15/8	4/2	14	1	1/8	1/8	1		1	55	G3	3	1251
111	109	855	855	2.0	0	0	4/2	21	1	1/2	1/2	1		-1	41	F2	2	1263
111	109	855	855	2.0	0	0	4/2	14	1	1/2	1/2	1		3	57	A3	3	1256
111	109	857	857	2.0	1/2	1/2	4/2	21	1	1/2	1/2	1		0	48	C3	3	1264
111	109	857	857	2.0	1/2	1/2	4/2	14	1	1/2	1/2	1		1	55	G3	3	1257
111	109	859	859	3.0	1	1	4/2	21	1	3/4	1/2	3/2		-1	53	F3	3	1265
111	109	860	860	0.5	5/4	5/4	4/2	14	1	1/8	1/8	1		0	60	C4	4	1258
111	109	1721/2	1721/2	0.5	11/8	11/8	4/2	14	1	1/8	1/8	1		0	60	C4	4	1259
111	109	861	861	1.0	3/2	3/2	4/2	14	1	1/4	1/4	1		2	62	D4	4	1260
111	109	862	862	1.0	7/4	7/4	4/2	21	1	1/4	1/4	1		1	55	G3	3	1266
111	109	862	862	0.5	7/4	7/4	4/2	14	1	1/8	1/8	1		0	60	C4	4	1261
111	109	1725/2	1725/2	0.5	15/8	15/8	4/2	14	1	1/8	1/8	1		5	59	B3	3	1262
112	110	863	863	2.0	0	0	4/2	21	1	1/2	1/2	1		0	48	C3	3	1274
112	110	863	863	2.0	0	0	4/2	14	1	1/2	1/2	1		0	60	C4	4	1267
112	110	865	865	2.0	1/2	1/2	4/2	21	1	1/2	1/2	1		0	48	C3	3	1275
112	110	865	865	2.0	1/2	1/2	4/2	14	1	1/2	1/2	1		0	60	C4	4	1268
112	110	867	867	4.0	1	1	4/2	21	1	1	1	1		-1	53	F3	3	1276
112	110	867	867	1.0	1	1	4/2	14	1	1/4	1/4	1		3	57	A3	3	1269
112	110	868	868	0.5	5/4	5/4	4/2	14	1	1/8	1/8	1		3	57	A3	3	1270
112	110	1737/2	1737/2	0.5	11/8	11/8	4/2	14	1	1/8	1/8	1		-2	58	Bb3	3	1271
112	110	869	869	1.0	3/2	3/2	4/2	14	1	1/4	1/4	1		0	60	C4	4	1272
112	110	870	870	1.0	7/4	7/4	4/2	14	1	1/4	1/4	1		3	57	A3	3	1273
113	111	871	871	2.0	0	0	4/2	21	1	1/2	1/2	1		-2	46	Bb2	2	1282
113	111	871	871	3.0	0	0	4/2	14	1	3/4	1/2	3/2		2	62	D4	4	1277
113	111	873	873	2.0	1/2	1/2	4/2	21	1	1/2	1/2	1		2	50	D3	3	1283
113	111	874	874	1.0	3/4	3/4	4/2	14	1	1/4	1/4	1		3	57	A3	3	1278
113	111	875	875	4.0	1	1	4/2	21	1	1	1	1		0	48	C3	3	1284
113	111	875	875	1.0	1	1	4/2	14	1	1/4	1/4	1		0	60	C4	4	1279
113	111	876	876	1.0	5/4	5/4	4/2	14	1	1/4	1/4	1		3	57	A3	3	1280
113	111	877	877	2.0	3/2	3/2	4/2	14	1	1/2	1/2	1		1	55	G3	3	1281
114	112	879	879	2.0	0	0	4/2	21	1	1/2	1/2	1		-1	41	F2	2	1292
114	112	879	879	2.0	0	0	4/2	14	1	1/2	1/2	1		-1	53	F3	3	1291
114	112	881	881	2.0	1/2	1/2	4/2	7	1	1/2	1/2	1		3	69	A4	4	1285
114	112	883	883	4.0	1	1	4/2	21	1	1	1	1		2	50	D3	3	1293
114	112	883	883	2.0	1	1	4/2	7	1	1/2	1/2	1		3	69	A4	4	1286
114	112	885	885	0.5	3/2	3/2	4/2	7	1	1/8	1/8	1		3	69	A4	4	1287
114	112	1771/2	1771/2	0.5	13/8	13/8	4/2	7	1	1/8	1/8	1		3	69	A4	4	1288
114	112	886	886	0.5	7/4	7/4	4/2	7	1	1/8	1/8	1		3	69	A4	4	1289
114	112	1773/2	1773/2	0.5	15/8	15/8	4/2	7	1	1/8	1/8	1		3	69	A4	4	1290
115	113	887	887	4.0	0	0	4/2	21	1	1	1	1		2	50	D3	3	1304
115	113	887	887	3.0	0	0	4/2	7	1	3/4	1/2	3/2		3	69	A4	4	1294
115	113	890	890	1.0	3/4	3/4	4/2	7	1	1/4	1/4	1		3	69	A4	4	1295
115	113	891	891	2.0	1	1	4/2	21	1	1/2	1/2	1		1	55	G3	3	1305
115	113	891	891	0.5	1	1	4/2	7	1	1/8	1/8	1		-2	70	Bb4	4	1296
115	113	1783/2	1783/2	0.5	9/8	9/8	4/2	7	1	1/8	1/8	1		1	67	G4	4	1297
115	113	892	892	0.5	5/4	5/4	4/2	7	1	1/8	1/8	1		3	69	A4	4	1298
115	113	1785/2	1785/2	0.5	11/8	11/8	4/2	7	1	1/8	1/8	1		-2	70	Bb4	4	1299
115	113	893	893	2.0	3/2	3/2	4/2	21	1	1/2	1/2	1		-1	53	F3	3	1306
115	113	893	893	0.5	3/2	3/2	4/2	7	1	1/8	1/8	1		0	72	C5	5	1300
115	113	1787/2	1787/2	0.5	13/8	13/8	4/2	7	1	1/8	1/8	1		3	69	A4	4	1301
115	113	894	894	0.5	7/4	7/4	4/2	7	1	1/8	1/8	1		-2	70	Bb4	4	1302
115	113	1789/2	1789/2	0.5	15/8	15/8	4/2	7	1	1/8	1/8	1		0	72	C5	5	1303
116	114	895	895	4.0	0	0	4/2	21	1	1	1	1		-2	46	Bb2	2	1314
116	114	895	895	1.0	0	0	4/2	7	1	1/4	1/4	1		2	74	D5	5	1307
116	114	896	896	0.5	1/4	1/4	4/2	7	1	1/8	1/8	1		0	72	C5	5	1308
116	114	1793/2	1793/2	0.5	3/8	3/8	4/2	7	1	1/8	1/8	1		2	74	D5	5	1309
116	114	897	897	1.5	1/2	1/2	4/2	7	1	3/8	1/4	3/2		0	72	C5	5	1310
116	114	1797/2	1797/2	0.5	7/8	7/8	4/2	7	1	1/8	1/8	1		-2	70	Bb4	4	1311
116	114	899	899	4.0	1	1	4/2	21	1	1	1	1		-1	53	F3	3	1315
116	114	899	899	2.0	1	1	4/2	7	1	1/2	1/2	1		0	72	C5	5	1312
116	114	902	902	1.0	7/4	7/4	4/2	7	1	1/4	1/4	1		3	69	A4	4	1313
117	115	903	903	2.0	0	0	4/2	21	1	1/2	1/2	1		-1	53	F3	3	1322
117	115	903	903	1.5	0	0	4/2	7	1	3/8	1/4	3/2		0	72	C5	5	1316
117	115	1809/2	1809/2	0.5	3/8	3/8	4/2	7	1	1/8	1/8	1		-1	65	F4	4	1317
117	115	905	905	2.0	1/2	1/2	4/2	21	1	1/2	1/2	1		0	48	C3	3	1323
117	115	905	905	1.0	1/2	1/2	4/2	7	1	1/4	1/4	1		1	67	G4	4	1318
117	115	906	906	1.0	3/4	3/4	4/2	7	1	1/4	1/4	1		1	67	G4	4	1319
117	115	907	907	2.0	1	1	4/2	21	1	1/2	1/2	1		-1	41	F2	2	1324
117	115	907	907	2.0	1	1	4/2	7	1	1/2	1/2	1		3	69	A4	4	1320
117	115	909	909	2.0	3/2	3/2	4/2	21	1	1/2	1/2	1		-1	41	F2	2	1325
117	115	909	909	2.0	3/2	3/2	4/2	7	1	1/2	1/2	1		3	69	A4	4	1321
118	116	911	911	1.0	0	0	4/2	21	1	1/4	1/4	1		-2	46	Bb2	2	1334
118	116	911	911	1.0	0	0	4/2	7	1	1/4	1/4	1		-1	65	F4	4	1326
118	116	912	912	1.0	1/4	1/4	4/2	21	1	1/4	1/4	1		3	45	A2	2	1335
118	116	912	912	0.5	1/4	1/4	4/2	7	1	1/8	1/8	1		-1	65	F4	4	1327
118	116	1825/2	1825/2	0.5	3/8	3/8	4/2	7	1	1/8	1/8	1		-1	65	F4	4	1328
118	116	913	913	1.0	1/2	1/2	4/2	21	1	1/4	1/4	1		-2	46	Bb2	2	1336
118	116	913	913	1.5	1/2	1/2	4/2	7	1	3/8	1/4	3/2		1	67	G4	4	1329
118	116	914	914	1.0	3/4	3/4	4/2	21	1	1/4	1/4	1		0	48	C3	3	1337
118	116	1829/2	1829/2	0.5	7/8	7/8	4/2	7	1	1/8	1/8	1		1	67	G4	4	1330
118	116	915	915	4.0	1	1	4/2	21	1	1	1	1		-1	41	F2	2	1338
118	116	915	915	2.0	1	1	4/2	7	1	1/2	1/2	1		3	69	A4	4	1331
118	116	917	917	1.0	3/2	3/2	4/2	7	1	1/4	1/4	1		3	69	A4	4	1332
118	116	918	918	1.0	7/4	7/4	4/2	7	1	1/4	1/4	1		0	72	C5	5	1333
119	117	919	919	4.0	0	0	4/2	21	1	1	1	1		-1	41	F2	2	1344
119	117	919	919	1.0	0	0	4/2	7	1	1/4	1/4	1		0	72	C5	5	1339
119	117	920	920	1.0	1/4	1/4	4/2	7	1	1/4	1/4	1		-2	70	Bb4	4	1340
119	117	921	921	2.0	1/2	1/2	4/2	7	1	1/2	1/2	1		3	69	A4	4	1341
119	117	923	923	4.0	1	1	4/2	21	1	1	1	1		0	48	C3	3	1345
119	117	923	923	3.0	1	1	4/2	7	1	3/4	1/2	3/2		1	67	G4	4	1342
119	117	926	926	1.0	7/4	7/4	4/2	7	1	1/4	1/4	1		0	72	C5	5	1343
120	118	927	927	2.0	0	0	4/2	21	1	1/2	1/2	1		0	48	C3	3	1352
120	118	927	927	1.5	0	0	4/2	7	1	3/8	1/4	3/2		0	72	C5	5	1346
120	118	1857/2	1857/2	0.5	3/8	3/8	4/2	7	1	1/8	1/8	1		-2	70	Bb4	4	1347
120	118	929	929	2.0	1/2	1/2	4/2	21	1	1/2	1/2	1		-2	46	Bb2	2	1353
120	118	929	929	2.0	1/2	1/2	4/2	7	1	1/2	1/2	1	1	2	74	D5	5	1348
120	118	931	931	2.0	1	1	4/2	21	1	1/2	1/2	1		0	48	C3	3	1354
120	118	931	931	1.0	1	1	4/2	7	1	1/4	1/4	1	-1	2	74	D5	5	1349
120	118	932	932	1.0	5/4	5/4	4/2	7	1	1/4	1/4	1		1	67	G4	4	1350
120	118	933	933	2.0	3/2	3/2	4/2	21	1	1/2	1/2	1		0	48	C3	3	1355
120	118	933	933	2.0	3/2	3/2	4/2	7	1	1/2	1/2	1		1	67	G4	4	1351
121	119	935	935	2.0	0	0	2/2	21	1	1/2	1/2	1		-1	41	F2	2	1358
121	119	935	935	2.0	0	0	2/2	7	1	1/2	1/2	1		-1	65	F4	4	1356
121	119	937	937	2.0	1/2	1/2	2/2	7	1	1/2	1/2	1		3	69	A4	4	1357
